[ 0.94986806  1.57286494],[ 0.88470437  2.2702161 ],[ 0.87436754  1.53842049],[ 0.83060817  1.35046652],[ 0.82701812  0.56582753],[ 0.82335021  2.92107532],[ 0.78359616  0.88870982],[ 0.77479552  0.98914688],[ 0.76544269  2.48211718],[ 0.76361258  1.58288081],[ 0.75714977  1.24512083],[ 0.75171136  1.74576746],[ 0.7474877   2.25813861],[ 0.69976325  2.63060283],[ 0.67597603  2.93397983],[ 0.62622488  1.7392306 ],[ 0.60893303  0.6690154 ],[ 0.60310941  1.59160164],[ 0.6013727   2.83394378],[ 0.59686357  2.34026176]
[ 0.94986806  1.57286494],[ 0.93774615  1.71037938],[ 0.85495824  1.41618575],[ 0.83673698  1.75875534],[ 0.82526065  1.84864624],[ 0.81887536  1.13801657],[ 0.81116747  0.73196847],[ 0.79462822  1.05181058],[ 0.78817192  2.4400947 ],[ 0.72673588  1.60002869],[ 0.69521949  1.37427773],[ 0.69349674  1.2108225 ],[ 0.68007417  1.79514024],[ 0.66657633  2.78721141],[ 0.66265571  1.51970601],[ 0.65097533  1.41958007],[ 0.6467024   1.99748154],[ 0.62845346  1.62420972],[ 0.62763786  2.22683053],[ 0.61890451  1.47239704]
[ 0.93774615  1.71037938],[ 0.92854212  0.83129091],[ 0.92164961  0.78389291],[ 0.88967871  1.43835783],[ 0.8846683   2.72641925],[ 0.88017098  0.25156049],[ 0.8752611   1.80182898],[ 0.87436754  1.53842049],[ 0.869054    1.81215056],[ 0.80187743  1.54383494],[ 0.76955346  1.48207196],[ 0.7591844   1.07888326],[ 0.74606594  1.77301742],[ 0.74244207  0.44584765],[ 0.74068161  2.221572  ],[ 0.74017355  0.80383293],[ 0.74015865  1.89176457],[ 0.73687814  2.11373474],[ 0.72991059  0.4770873 ],[ 0.72815191  2.88378401]
[ 0.92164961  0.78389291],[ 0.90705931  1.30498127],[ 0.90344518  1.43710687],[ 0.88301284  2.32611728],[ 0.87595601  2.67454315],[ 0.85495824  1.41618575],[ 0.8021564   2.79767374],[ 0.78698845  1.09087132],[ 0.7474877   2.25813861],[ 0.73476232  0.35281727],[ 0.73033912  0.66802905],[ 0.72656855  2.0331468 ],[ 0.71840688  0.99570909],[ 0.71598244  1.69251081],[ 0.70594374  2.08893858],[ 0.69868175  0.75202693],[ 0.69684036  2.22749872],[ 0.69334978  2.98529581],[ 0.66884474  0.69111729],[ 0.66613309  2.40768706]
[ 0.90145715  1.2842236 ],[ 0.89903308  1.21841837],[ 0.88301284  2.32611728],[ 0.87828008  0.39513655],[ 0.87334234  1.58775266],[ 0.8629488   2.00554091],[ 0.84362223  0.69377019],[ 0.8399653   1.43531631],[ 0.82670232  2.61493173],[ 0.81568956  1.23095666],[ 0.80187743  1.54383494],[ 0.78119451  1.35493505],[ 0.76804422  0.75485195],[ 0.76365775  1.14065632],[ 0.74220501  1.98459174],[ 0.71134192  2.52640646],[ 0.70622488  1.52905722],[ 0.70165287  0.24368714],[ 0.69548891  1.63991087],[ 0.69126916  1.40515975]
[ 0.90647239  2.63355536],[ 0.89832039  2.60923628],[ 0.89168596  1.95733247],[ 0.88671645  0.2732196 ],[ 0.87218469  1.44295595],[ 0.8629488   2.00554091],[ 0.84836007  0.74114645],[ 0.83696855  2.94576089],[ 0.81916593  1.03363434],[ 0.81232537  2.14529917],[ 0.79767023  0.97857301],[ 0.79382463  2.26715682],[ 0.75364052  0.64532585],[ 0.74528906  0.28812447],[ 0.73476232  0.35281727],[ 0.72991059  0.4770873 ],[ 0.72724963  2.94384582],[ 0.72164746  1.45679273],[ 0.71465019  0.48034702],[ 0.69698362  2.00204515]
[ 0.92439671  0.89751427],[ 0.91163469  1.82965574],[ 0.89785601  2.2165781 ],[ 0.89168596  1.95733247],[ 0.88697636  1.36886551],[ 0.87828008  0.39513655],[ 0.85883061  1.56575701],[ 0.85229126  1.55025902],[ 0.82103507  0.65275762],[ 0.81258004  1.83782131],[ 0.79771425  2.26004893],[ 0.79403958  0.77851444],[ 0.78156494  1.53186575],[ 0.75347095  1.72459042],[ 0.73829647  1.22581468],[ 0.73175786  1.26275901],[ 0.72613463  0.63581505],[ 0.72599486  1.98624804],[ 0.72465798  2.20006905],[ 0.71348859  1.40237736]
[ 0.91163469  1.82965574],[ 0.89737     0.62528614],[ 0.88671645  0.2732196 ],[ 0.87533435  3.06282265],[ 0.85925673  2.37441138],[ 0.85788093  2.8161953 ],[ 0.84883155  0.30219524],[ 0.84826632  2.67797368],[ 0.82063797  2.62656131],[ 0.78521647  0.68984782],[ 0.75706138  0.94920104],[ 0.75062869  2.76281964],[ 0.74220501  1.98459174],[ 0.73790022  1.15790336],[ 0.73266372  2.0113695 ],[ 0.72840516  0.11975375],[ 0.70820838  2.18795537],[ 0.70561941  1.33330406],[ 0.69078739  0.33470904],[ 0.68575972  1.92910072]
[ 0.93140195  2.37405147],[ 0.89217278  0.97253185],[ 0.87213615  1.68539435],[ 0.86120635  0.63415211],[ 0.85925673  2.37441138],[ 0.84505204  2.83218131],[ 0.82103507  0.65275762],[ 0.79051159  2.37861188],[ 0.78920775  2.86632007],[ 0.77060368  3.05366353],[ 0.75348706  2.47545126],[ 0.74387747  0.18412885],[ 0.74324635  2.50009368],[ 0.74017892  1.05898951],[ 0.73557622  1.08171825],[ 0.72811128  0.49924547],[ 0.69950457  1.8568561 ],[ 0.68323917  0.3035996 ],[ 0.6776458   1.91106934],[ 0.66782134  2.25498323]
[ 0.93140195  2.37405147],[ 0.9298171   1.73444482],[ 0.91986405  1.50176143],[ 0.8821485   1.94997432],[ 0.86735741  0.82131875],[ 0.85924018  2.72020142],[ 0.85264307  2.82084795],[ 0.84883155  0.30219524],[ 0.83186053  1.22764655],[ 0.82982167  2.92180161],[ 0.81358892  3.03188071],[ 0.77946084  2.55200575],[ 0.75758189  0.83395125],[ 0.75655336  0.741927  ],[ 0.7489212   0.31356823],[ 0.72599486  1.98624804],[ 0.70641822  2.91767552],[ 0.68954026  2.3315789 ],[ 0.65541537  0.68007057],[ 0.65389401  0.07656915]
[ 0.94217343  1.47722871],[ 0.9298171   1.73444482],[ 0.91546534  2.59869766],[ 0.90492394  1.15866053],[ 0.90354156  0.80721032],[ 0.87213615  1.68539435],[ 0.8142291   1.69642313],[ 0.81219323  1.74328989],[ 0.81198739  1.35995055],[ 0.75214879  1.80439515],[ 0.75019239  1.42906311],[ 0.73328458  1.26010404],[ 0.73054837  1.47971188],[ 0.72972491  1.37964761],[ 0.7165719   1.55753058],[ 0.68769331  1.44989872],[ 0.66818337  1.99609375],[ 0.65933918  1.86487238],[ 0.6458832  2.3988127],[ 0.63768544  0.95762769]
[ 0.96495616  1.70336905],[ 0.94217343  1.47722871],[ 0.91986405  1.50176143],[ 0.91013595  1.53664044],[ 0.85756594  0.85019022],[ 0.81698239  1.15936984],[ 0.80728274  0.6945206 ],[ 0.79447487  1.93141927],[ 0.79051159  2.37861188],[ 0.79022092  1.31909548],[ 0.75334299  0.7012019 ],[ 0.71562171  2.31434632],[ 0.70169671  1.55314942],[ 0.6612081   1.38887357],[ 0.6587295   1.76301966],[ 0.65661694  1.40241314],[ 0.64288955  2.76239803],[ 0.63751994  1.46397721],[ 0.61530674  1.143797  ],[ 0.58881494  2.09962833]
[ 0.96495616  1.70336905],[ 0.96474133  1.24237481],[ 0.92443846  2.55314518],[ 0.91546534  2.59869766],[ 0.91511368  0.98947491],[ 0.8821485   1.94997432],[ 0.86836858  2.06132479],[ 0.83980853  0.62319844],[ 0.83114557  1.24990443],[ 0.82245975  1.46739266],[ 0.81873985  1.88724527],[ 0.80065119  1.77320417],[ 0.76914941  2.10071626],[ 0.74443014  1.70598468],[ 0.74017892  1.05898951],[ 0.7336801   2.25440304],[ 0.72845609  1.1363123 ],[ 0.69472328  0.81598684],[ 0.66933098  1.2285109 ],[ 0.64045611  1.34712335]
[ 0.96474133  1.24237481],[ 0.94474582  2.19881966],[ 0.91013595  1.53664044],[ 0.90882302  0.53230634],[ 0.89840708  1.44954332],[ 0.89792899  3.08622754],[ 0.86624616  0.22025313],[ 0.86578986  1.81618321],[ 0.81358892  3.03188071],[ 0.81198739  1.35995055],[ 0.75872251  2.22473955],[ 0.75838019  0.56835062],[ 0.74065181  0.72024648],[ 0.72871497  2.85532514],[ 0.72773359  2.36432147],[ 0.72433691  0.47817417],[ 0.70173558  1.98057811],[ 0.6834498   2.74961355],[ 0.65557791  2.96735607],[ 0.65550744  1.29628962]
[ 0.94474582  2.19881966],[ 0.92069459  1.99231869],[ 0.91848327  0.89698382],[ 0.86836858  2.06132479],[ 0.85077982  2.40188622],[ 0.83881297  0.42555601],[ 0.83815026  1.85068389],[ 0.80728274  0.6945206 ],[ 0.79274486  2.76720104],[ 0.78571447  0.77741557],[ 0.75758189  0.83395125],[ 0.75193502  0.64891227],[ 0.74352333  1.0269404 ],[ 0.73602206  0.29709439],[ 0.73506001  2.33339009],[ 0.72117362  2.46272826],[ 0.71904549  1.6944579 ],[ 0.70053144  2.83182857],[ 0.68769331  1.44989872],[ 0.63453606  0.70918469]
[ 0.92069459  1.99231869],[ 0.910706    1.82303875],[ 0.89015509  0.45907103],[ 0.86624616  0.22025313],[ 0.8661047  2.0044952],[ 0.85264307  2.82084795],[ 0.84969907  0.88640158],[ 0.84947635  2.86691277],[ 0.84657209  2.74742748],[ 0.84555421  1.42848999],[ 0.83114557  1.24990443],[ 0.82330914  0.36940241],[ 0.82063797  2.62656131],[ 0.80231629  2.08246809],[ 0.79022092  1.31909548],[ 0.76761664  1.68754787],[ 0.75863768  0.82859595],[ 0.75067086  0.19294047],[ 0.74557329  2.62563321],[ 0.74094462  1.79320979]
[ 0.93543993  2.02086228],[ 0.91283799  1.03357738],[ 0.910706    1.82303875],[ 0.88006633  2.85102717],[ 0.87626751  0.53724176],[ 0.84885705  0.83505805],[ 0.83881297  0.42555601],[ 0.78351095  2.70073254],[ 0.76085471  1.13199186],[ 0.74456903  2.05394407],[ 0.73790022  1.15790336],[ 0.73404332  1.95798912],[ 0.72841752  0.84617997],[ 0.72690327  0.70683661],[ 0.70173558  1.98057811],[ 0.69080212  0.71807113],[ 0.68946913  1.60493574],[ 0.6848235   2.73122584],[ 0.65333683  1.08071024],[ 0.65188466  1.27143551]
[ 0.94192029  2.18496802],[ 0.93543993  2.02086228],[ 0.89801448  1.11684336],[ 0.89668066  2.85487018],[ 0.89015509  0.45907103],[ 0.87533435  3.06282265],[ 0.85925048  2.5029577 ],[ 0.83859076  0.42174316],[ 0.83843001  2.98639747],[ 0.83696855  2.94576089],[ 0.81043628  0.9482775 ],[ 0.78331291  0.44921025],[ 0.75512587  0.53442987],[ 0.75288634  1.04184861],[ 0.74296704  2.9872613 ],[ 0.73600937  2.43265971],[ 0.73506001  2.33339009],[ 0.73431552  0.70046624],[ 0.73175786  1.26275901],[ 0.7143246   0.27743395]
[ 0.94192029  2.18496802],[ 0.93081124  0.74790488],[ 0.91460418  1.86171609],[ 0.88559157  1.99223015],[ 0.87626751  0.53724176],[ 0.84927343  2.85697135],[ 0.84629723  3.00924486],[ 0.81916593  1.03363434],[ 0.81456463  0.61837175],[ 0.7867257   0.96011552],[ 0.76156117  0.32581381],[ 0.75706138  0.94920104],[ 0.75304929  0.24380124],[ 0.74457994  2.39275277],[ 0.74352255  2.61582937],[ 0.742545    0.41078182],[ 0.74189967  0.49752582],[ 0.74094462  1.79320979],[ 0.71002593  2.71990454],[ 0.69434906  2.12306901]
[ 0.94907557  1.39564708],[ 0.91460418  1.86171609],[ 0.89832039  2.60923628],[ 0.85191397  1.52030645],[ 0.84085928  1.58083347],[ 0.83886469  2.46551534],[ 0.83859076  0.42174316],[ 0.82856031  3.07281981],[ 0.82546096  1.30778191],[ 0.81680067  2.4340102 ],[ 0.8022649   1.44545388],[ 0.79102205  0.83632261],[ 0.75062869  2.76281964],[ 0.72815191  2.88378401],[ 0.72306679  2.18504511],[ 0.70622488  1.52905722],[ 0.7045699  1.6844739],[ 0.69874583  2.05349342],[ 0.69410967  1.49328502],[ 0.68946913  1.60493574]
[ 0.94911639  1.54657034],[ 0.94907557  1.39564708],[ 0.92235664  2.05108436],[ 0.91308573  1.80912653],[ 0.88559157  1.99223015],[ 0.87640789  2.16734554],[ 0.83620111  1.71847363],[ 0.83379704  1.02172493],[ 0.8256264   2.30027933],[ 0.79382463  2.26715682],[ 0.75353469  1.63131378],[ 0.75288634  1.04184861],[ 0.74015865  1.89176457],[ 0.7339218   1.10093324],[ 0.72109223  1.94372903],[ 0.71605286  0.92880687],[ 0.71499985  1.67762585],[ 0.66206968  0.984168  ],[ 0.66013629  2.13260496],[ 0.63112843  2.026296  ]
[ 0.95582675  1.53548238],[ 0.94911639  1.54657034],[ 0.90555564  1.01243539],[ 0.8942639   2.51883717],[ 0.84085928  1.58083347],[ 0.77453264  0.40485104],[ 0.76092104  0.19516901],[ 0.74606594  1.77301742],[ 0.74189967  0.49752582],[ 0.73519549  2.54111538],[ 0.71913616  2.63775587],[ 0.70273237  1.21169706],[ 0.68465374  2.3115738 ],[ 0.68007417  1.79514024],[ 0.66483895  0.39834912],[ 0.65037072  1.48196295],[ 0.6124847   0.66863762],[ 0.61040238  2.4414801 ],[ 0.6013727   2.83394378],[ 0.59045134  2.15492841]
[ 0.95635313  1.67973428],[ 0.95582675  1.53548238],[ 0.91308573  1.80912653],[ 0.89537433  0.62075315],[ 0.88017098  0.25156049],[ 0.84194985  1.58454092],[ 0.82856031  3.07281981],[ 0.82526065  1.84864624],[ 0.8250274   2.06234978],[ 0.81732658  1.89842516],[ 0.75231704  1.88862461],[ 0.75171136  1.74576746],[ 0.7493293  1.0796467],[ 0.73033912  0.66802905],[ 0.72535552  1.23964567],[ 0.71083287  2.32949976],[ 0.69657869  0.46543545],[ 0.68136688  1.23121057],[ 0.66376748  2.36684449],[ 0.65477344  0.64002473]
[ 0.95635313  1.67973428],[ 0.93759457  1.90043065],[ 0.93102204  0.53602237],[ 0.92195614  2.238266  ],[ 0.89932049  2.32468407],[ 0.8942639   2.51883717],[ 0.88967871  1.43835783],[ 0.87640789  2.16734554],[ 0.85067702  1.14776996],[ 0.84658928  1.14168779],[ 0.82236961  2.91925885],[ 0.81456595  0.61502981],[ 0.81116747  0.73196847],[ 0.8022649   1.44545388],[ 0.78359616  0.88870982],[ 0.76033127  1.33090318],[ 0.73996694  2.40645091],[ 0.7366416   2.13250538],[ 0.72908496  2.75684659],[ 0.72398739  1.62947021]
[ 0.93759457  1.90043065],[ 0.92235664  2.05108436],[ 0.91105967  1.31221144],[ 0.90555564  1.01243539],[ 0.90128667  2.50934081],[ 0.89537433  0.62075315],[ 0.88800446  2.94431815],[ 0.86537066  0.86130395],[ 0.85942781  0.27438218],[ 0.84714096  1.00438501],[ 0.83886469  2.46551534],[ 0.83758347  2.42988065],[ 0.81456463  0.61837175],[ 0.75285532  0.51526424],[ 0.74017355  0.80383293],[ 0.73685454  2.77996691],[ 0.73609061  2.94671892],[ 0.72312366  1.41867304],[ 0.7172235   2.36060417],[ 0.71465019  0.48034702]
[ 0.92566227  0.44634707],[ 0.91616953  2.43321123],[ 0.90128667  2.50934081],[ 0.89371688  0.50058926],[ 0.88666323  2.66259364],[ 0.87254222  2.8779377 ],[ 0.85728609  0.19393113],[ 0.85721342  0.8245678 ],[ 0.85703114  2.78128701],[ 0.85067702  1.14776996],[ 0.84651032  2.40653232],[ 0.84629723  3.00924486],[ 0.8398803   2.06855563],[ 0.83379704  1.02172493],[ 0.83207862  0.32631734],[ 0.82546096  1.30778191],[ 0.82524206  0.71963601],[ 0.81687146  2.03192076],[ 0.81232537  2.14529917],[ 0.81043628  0.9482775 ]
[ 0.93845784  2.28442301],[ 0.93081124  0.74790488],[ 0.91616953  2.43321123],[ 0.90394552  2.52384549],[ 0.9027093   0.96907273],[ 0.89668066  2.85487018],[ 0.86395167  0.21920989],[ 0.85942781  0.27438218],[ 0.84885705  0.83505805],[ 0.84805473  2.74755927],[ 0.8256264   2.30027933],[ 0.81680067  2.4340102 ],[ 0.80987044  0.85021703],[ 0.79760753  0.47256503],[ 0.7754432   0.83626358],[ 0.77524052  0.43996768],[ 0.76515498  2.9159475 ],[ 0.74581448  1.15840301],[ 0.74528906  0.28812447],[ 0.73289243  1.44127211]
[ 0.93845784  2.28442301],[ 0.9347569   1.01710533],[ 0.9299575   2.06592648],[ 0.89801448  1.11684336],[ 0.89294569  2.5627064 ],[ 0.88006633  2.85102717],[ 0.8784813   0.56447515],[ 0.87024828  1.8916268 ],[ 0.85883548  2.58791441],[ 0.85855593  0.96801338],[ 0.85728609  0.19393113],[ 0.84927343  2.85697135],[ 0.84555421  1.42848999],[ 0.83745041  2.9278268 ],[ 0.78805118  0.63732912],[ 0.7879311   2.60957165],[ 0.77440719  1.55558449],[ 0.7624789   0.66834826],[ 0.76169678  1.19473734],[ 0.7413395   0.30514434]
[ 0.9299575   2.06592648],[ 0.91283799  1.03357738],[ 0.90302446  2.64940459],[ 0.90073918  1.02636872],[ 0.88709114  2.54447435],[ 0.86395167  0.21920989],[ 0.86071977  2.47657798],[ 0.84657209  2.74742748],[ 0.83843001  2.98639747],[ 0.81686307  0.12213351],[ 0.7873558   0.71142238],[ 0.7867257   0.96011552],[ 0.78571447  0.77741557],[ 0.75839478  1.29672853],[ 0.75027146  1.18630349],[ 0.72642067  0.65580285],[ 0.71745802  0.28970939],[ 0.70302066  0.7431376 ],[ 0.69801983  0.66495951],[ 0.69782571  2.21471223]
[ 0.94646477  0.7751678 ],[ 0.91859954  2.01211595],[ 0.88872052  1.28518597],[ 0.88738686  2.4501085 ],[ 0.88709114  2.54447435],[ 0.88461995  2.28113922],[ 0.8784813   0.56447515],[ 0.85194963  2.54762864],[ 0.84969907  0.88640158],[ 0.84209586  0.94365338],[ 0.83972681  2.76002844],[ 0.83356286  0.37418995],[ 0.83212484  0.92239568],[ 0.82075013  1.32413437],[ 0.81692281  2.28697237],[ 0.80854223  1.76840374],[ 0.79616419  2.4439545 ],[ 0.79274486  2.76720104],[ 0.78351095  2.70073254],[ 0.77940067  0.74467171]
[ 0.94423455  1.71322613],[ 0.91848327  0.89698382],[ 0.91190877  0.73999156],[ 0.90278854  2.55775568],[ 0.89792899  3.08622754],[ 0.88738686  2.4501085 ],[ 0.87406845  2.54788547],[ 0.8595227   2.56478889],[ 0.84947635  2.86691277],[ 0.81873985  1.88724527],[ 0.81686307  0.12213351],[ 0.79036991  1.30421114],[ 0.76085471  1.13199186],[ 0.74983321  0.86282353],[ 0.74967284  0.75624304],[ 0.73579783  0.3329943 ],[ 0.7169789   1.14176133],[ 0.71664961  1.94974828],[ 0.71424441  0.38529501],[ 0.70169671  1.55314942]
[ 0.94423455  1.71322613],[ 0.91604248  1.46880845],[ 0.89840708  1.44954332],[ 0.86940169  2.01737212],[ 0.86816302  1.37506635],[ 0.85077982  2.40188622],[ 0.83980853  0.62319844],[ 0.8238927   3.01740535],[ 0.81334115  1.74858854],[ 0.77940067  0.74467171],[ 0.74492232  1.41367608],[ 0.7380721   1.57548592],[ 0.71885067  1.04067889],[ 0.71562171  2.31434632],[ 0.69193105  0.59879489],[ 0.68165131  2.12423837],[ 0.67866094  2.07468015],[ 0.65991416  2.84753281],[ 0.65383049  1.80050151],[ 0.6458832  2.3988127]
[ 0.95766708  1.77739811],[ 0.92249274  0.73928968],[ 0.91604248  1.46880845],[ 0.91511368  0.98947491],[ 0.90882302  0.53230634],[ 0.90278854  2.55775568],[ 0.89827761  2.88132027],[ 0.86447118  2.55965101],[ 0.86321064  1.7651512 ],[ 0.85558143  1.8641495 ],[ 0.85129681  1.61152723],[ 0.84646401  1.00669085],[ 0.84209586  0.94365338],[ 0.83815026  1.85068389],[ 0.82330914  0.36940241],[ 0.81698239  1.15936984],[ 0.8142291   1.69642313],[ 0.77946084  2.55200575],[ 0.76127534  1.21029123],[ 0.75746648  1.16039096]
[ 0.95766708  1.77739811],[ 0.93400205  1.86830252],[ 0.92443846  2.55314518],[ 0.90661443  1.27501347],[ 0.90635517  2.57351728],[ 0.90354156  0.80721032],[ 0.89033908  0.94367701],[ 0.87748842  0.93743031],[ 0.86578986  1.81618321],[ 0.86258664  1.24823542],[ 0.85756594  0.85019022],[ 0.83186053  1.22764655],[ 0.8238927   3.01740535],[ 0.79036991  1.30421114],[ 0.76761664  1.68754787],[ 0.76301385  2.03979297],[ 0.75522553  2.6385849 ],[ 0.75348706  2.47545126],[ 0.75193502  0.64891227],[ 0.7517679   2.51961638]
[ 0.93400205  1.86830252],[ 0.91514629  2.52173098],[ 0.90893201  2.62694226],[ 0.90492394  1.15866053],[ 0.88372311  0.99265254],[ 0.86120635  0.63415211],[ 0.85924018  2.72020142],[ 0.85887417  0.77213464],[ 0.84862612  0.50000127],[ 0.84646401  1.00669085],[ 0.82245975  1.46739266],[ 0.80121146  2.39131137],[ 0.79447487  1.93141927],[ 0.75740385  0.80100356],[ 0.74972574  0.2729188 ],[ 0.73234678  2.57063512],[ 0.72433691  0.47817417],[ 0.72413458  0.18763009],[ 0.71669472  0.68401685],[ 0.7093066   2.21783964]
[ 0.93986862  0.82147027],[ 0.91382616  2.16241037],[ 0.90893201  2.62694226],[ 0.89428788  2.64958839],[ 0.87748842  0.93743031],[ 0.86735741  0.82131875],[ 0.8661047  2.0044952],[ 0.8642421  0.0816935],[ 0.86321064  1.7651512 ],[ 0.86283726  0.802285  ],[ 0.85194963  2.54762864],[ 0.84505204  2.83218131],[ 0.8137231   1.82669604],[ 0.81219323  1.74328989],[ 0.80065119  1.77320417],[ 0.7907158   2.64168974],[ 0.7879311   2.60957165],[ 0.78521647  0.68984782],[ 0.7793272   0.41488648],[ 0.75872251  2.22473955]
[ 0.92961062  2.23644037],[ 0.91382616  2.16241037],[ 0.90161648  1.02765699],[ 0.89217278  0.97253185],[ 0.88697636  1.36886551],[ 0.87857225  2.87113014],[ 0.8579236   1.48180132],[ 0.85788093  2.8161953 ],[ 0.85434208  2.63096176],[ 0.85170492  2.53389891],[ 0.85004267  0.68891823],[ 0.84862612  0.50000127],[ 0.82982167  2.92180161],[ 0.77226632  2.65173757],[ 0.75910054  1.42206132],[ 0.75067086  0.19294047],[ 0.74626413  0.57767275],[ 0.73328458  1.26010404],[ 0.72864353  2.92109794],[ 0.72724963  2.94384582]
[ 0.94222733  2.88940412],[ 0.92961062  2.23644037],[ 0.92290986  0.74063858],[ 0.89785601  2.2165781 ],[ 0.89737     0.62528614],[ 0.89409539  2.55430043],[ 0.8642421  0.0816935],[ 0.85925048  2.5029577 ],[ 0.85883548  2.58791441],[ 0.85703114  2.78128701],[ 0.84836007  0.74114645],[ 0.82036064  2.682719  ],[ 0.80252436  1.38541674],[ 0.80231629  2.08246809],[ 0.79760753  0.47256503],[ 0.79721762  0.7134207 ],[ 0.78920775  2.86632007],[ 0.78037088  0.91676313],[ 0.77267396  2.66327369],[ 0.77203594  0.74156765]
[ 0.94222733  2.88940412],[ 0.92464116  2.20658717],[ 0.92439671  0.89751427],[ 0.90712138  1.98969724],[ 0.90647239  2.63355536],[ 0.90037827  0.79451651],[ 0.89371688  0.50058926],[ 0.86498527  1.68406286],[ 0.86340835  2.03812092],[ 0.85651472  2.55858253],[ 0.85004267  0.68891823],[ 0.84826632  2.67797368],[ 0.84362223  0.69377019],[ 0.79102205  0.83632261],[ 0.79068222  0.18923984],[ 0.78596357  0.79565471],[ 0.78442246  2.03418545],[ 0.78331291  0.44921025],[ 0.76570699  2.24362124],[ 0.76515498  2.9159475 ]
[ 0.92464116  2.20658717],[ 0.91631324  2.34319079],[ 0.89932049  2.32468407],[ 0.88666323  2.66259364],[ 0.88216201  2.4997526 ],[ 0.8752611   1.80182898],[ 0.87218469  1.44295595],[ 0.85486885  2.08615366],[ 0.85191397  1.52030645],[ 0.84714096  1.00438501],[ 0.84194985  1.58454092],[ 0.83620111  1.71847363],[ 0.82840265  0.96259981],[ 0.82670232  2.61493173],[ 0.81226371  2.33245206],[ 0.80188962  0.31395003],[ 0.79771425  2.26004893],[ 0.79721762  0.7134207 ],[ 0.79379294  1.58367438],[ 0.78698845  1.09087132]
[ 0.94104342  2.2782547 ],[ 0.92854212  0.83129091],[ 0.91631324  2.34319079],[ 0.9084229   0.39021255],[ 0.90705931  1.30498127],[ 0.90145715  1.2842236 ],[ 0.86708439  2.56884519],[ 0.86498527  1.68406286],[ 0.86348289  1.01302752],[ 0.85294156  1.7282435 ],[ 0.81887536  1.13801657],[ 0.81604315  2.14320166],[ 0.81456595  0.61502981],[ 0.79767023  0.97857301],[ 0.79098325  0.75313649],[ 0.78156494  1.53186575],[ 0.77479552  0.98914688],[ 0.77167936  1.93577244],[ 0.76410981  0.61430621],[ 0.76289322  0.4160481 ]
[ 0.94104342  2.2782547 ],[ 0.88843954  0.85480114],[ 0.8846683   2.72641925],[ 0.87595601  2.67454315],[ 0.87020398  2.8750775 ],[ 0.8558597   1.73314219],[ 0.84564321  2.61247057],[ 0.83848329  0.3724748 ],[ 0.83673698  1.75875534],[ 0.8339929   1.47464376],[ 0.83060817  1.35046652],[ 0.81727612  2.59468682],[ 0.81568956  1.23095666],[ 0.81407435  1.2844184 ],[ 0.79379294  1.58367438],[ 0.77626589  1.00474705],[ 0.75358634  2.80576624],[ 0.74925325  1.70697709],[ 0.74724656  1.59457132],[ 0.73185259  1.72248837]
[ 0.93215634  1.99450003],[ 0.90344518  1.43710687],[ 0.89903308  1.21841837],[ 0.8691844   0.46375465],[ 0.8558597   1.73314219],[ 0.85537929  1.19159851],[ 0.85358276  1.15316083],[ 0.85294156  1.7282435 ],[ 0.8183855   0.97107887],[ 0.7591844   1.07888326],[ 0.75520212  1.44770008],[ 0.72083142  1.18168656],[ 0.7072524   0.85416465],[ 0.70178126  1.65346036],[ 0.68988482  1.5769362 ],[ 0.67799368  1.37103723],[ 0.67644528  1.59009511],[ 0.66985947  1.38985041],[ 0.66657633  2.78721141],[ 0.66079319  1.69954494]
[ 0.95128323  1.36746334],[ 0.93215634  1.99450003],[ 0.89434337  1.66471768],[ 0.85153968  1.27963287],[ 0.84934512  1.98019294],[ 0.84673584  1.21341315],[ 0.83848329  0.3724748 ],[ 0.8021564   2.79767374],[ 0.80147584  2.6388774 ],[ 0.7893292   2.50414594],[ 0.77167936  1.93577244],[ 0.76365775  1.14065632],[ 0.76012748  1.89186774],[ 0.71851421  3.09585545],[ 0.69826267  2.30938031],[ 0.68945226  0.86015905],[ 0.68853009  0.83775377],[ 0.6652035   2.64787828],[ 0.65734095  2.35870122],[ 0.6380976   1.32471959]
[ 0.95128323  1.36746334],[ 0.94723343  2.35425111],[ 0.92027271  2.3186275 ],[ 0.91416067  1.51272728],[ 0.9061927   0.71377493],[ 0.86100646  1.54833167],[ 0.85689957  1.80522784],[ 0.85358276  1.15316083],[ 0.8339929   1.47464376],[ 0.80998493  1.34518012],[ 0.78362283  1.6228958 ],[ 0.77814756  0.88834027],[ 0.77753959  1.79965473],[ 0.75797911  2.25889033],[ 0.75730107  0.86056035],[ 0.75545271  1.47958914],[ 0.75327178  1.08734581],[ 0.74516968  1.19871403],[ 0.72824001  1.9585077 ],[ 0.72218926  1.83526613]
[ 0.9494778   1.81712151],[ 0.94723343  2.35425111],[ 0.91052079  2.33482157],[ 0.89639448  1.87491911],[ 0.88293738  0.73288651],[ 0.87079311  0.8871338 ],[ 0.85153968  1.27963287],[ 0.84981656  1.19035553],[ 0.7793402   2.82157358],[ 0.77626589  1.00474705],[ 0.77220002  0.82927567],[ 0.77200513  1.88339697],[ 0.75658294  1.94521859],[ 0.74251788  2.68086666],[ 0.73524423  0.33533465],[ 0.71906754  0.60819589],[ 0.71111507  1.96204188],[ 0.70643165  1.47028755],[ 0.70495648  0.7344916 ],[ 0.70178126  1.65346036]
[ 0.9494778   1.81712151],[ 0.93092357  1.28151115],[ 0.88398178  1.32928332],[ 0.87515979  0.89577863],[ 0.87460864  1.02267601],[ 0.86238942  1.11567404],[ 0.85689957  1.80522784],[ 0.83720858  0.67926981],[ 0.80178901  1.36399615],[ 0.77309236  1.89416239],[ 0.77164093  1.32416191],[ 0.76355132  0.75896556],[ 0.73374878  1.13776377],[ 0.72966116  2.61406768],[ 0.72922102  2.10737996],[ 0.72257169  2.38972576],[ 0.72243936  2.19777696],[ 0.71909616  0.74495037],[ 0.71851421  3.09585545],[ 0.70598962  2.29968634]
[ 0.93092357  1.28151115],[ 0.89639448  1.87491911],[ 0.8674347   1.31008104],[ 0.83448914  1.55655488],[ 0.80271677  0.69882716],[ 0.78021215  0.3870009 ],[ 0.77920173  1.24032356],[ 0.75730107  0.86056035],[ 0.74247719  2.16953205],[ 0.73633399  1.79011699],[ 0.72035275  1.47251201],[ 0.71255511  2.42415346],[ 0.66330871  1.07402832],[ 0.65796997  1.28446097],[ 0.6401066   1.49089283],[ 0.63673643  2.11294201],[ 0.63536888  1.86217956],[ 0.61372329  1.37741069],[ 0.60013182  1.92989025],[ 0.5876254   1.68670602]
[ 0.91052079  2.33482157],[ 0.9005603   1.81318044],[ 0.87243029  0.39057075],[ 0.87020398  2.8750775 ],[ 0.86485838  2.51888101],[ 0.86100646  1.54833167],[ 0.83720858  0.67926981],[ 0.83448914  1.55655488],[ 0.82545812  1.92913945],[ 0.7893292   2.50414594],[ 0.76410981  0.61430621],[ 0.76365853  2.53971961],[ 0.76361258  1.58288081],[ 0.76054301  1.31071898],[ 0.75596969  0.49592398],[ 0.75223368  1.58685358],[ 0.72322907  2.74141847],[ 0.71849302  0.34982299],[ 0.71629772  1.7530105 ],[ 0.69349674  1.2108225 ]
[ 0.92848724  1.96007388],[ 0.9005603   1.81318044],[ 0.89282959  1.66953075],[ 0.88513028  0.85432519],[ 0.87296279  2.61773391],[ 0.86184597  1.42180671],[ 0.80983461  0.60406388],[ 0.79460731  2.09814017],[ 0.77920173  1.24032356],[ 0.77542097  0.21635997],[ 0.77220002  0.82927567],[ 0.76544269  2.48211718],[ 0.74724656  1.59457132],[ 0.7446178   2.37427631],[ 0.74136274  0.71270498],[ 0.73374878  1.13776377],[ 0.72365005  0.86763649],[ 0.71414447  2.43662544],[ 0.70141158  2.01049156],[ 0.69937694  1.72391401]
[ 0.92848724  1.96007388],[ 0.92244125  0.99603892],[ 0.92067671  1.95931469],[ 0.87533979  2.83671011],[ 0.87243029  0.39057075],[ 0.84750534  2.51506341],[ 0.83966599  1.73045224],[ 0.83940213  0.82539476],[ 0.83836802  2.64003878],[ 0.82691197  1.41099752],[ 0.8242282   1.89534998],[ 0.81999348  0.55638571],[ 0.81979597  1.83376741],[ 0.81727612  2.59468682],[ 0.81644564  2.35396764],[ 0.78480879  0.05666188],[ 0.76289322  0.4160481 ],[ 0.75714977  1.24512083],[ 0.75532049  2.42720486],[ 0.74251788  2.68086666]
[ 0.93098476  1.07013854],[ 0.92067671  1.95931469],[ 0.8986637   1.47949732],[ 0.89497494  2.47748039],[ 0.88513028  0.85432519],[ 0.87861294  2.65800515],[ 0.867481    2.35619658],[ 0.83992665  2.76370588],[ 0.82446777  1.16764646],[ 0.82335021  2.92107532],[ 0.79376528  0.42624693],[ 0.78300665  0.75062022],[ 0.76377433  1.14976203],[ 0.75223368  1.58685358],[ 0.74698741  1.40943476],[ 0.73185259  1.72248837],[ 0.71839999  2.08684217],[ 0.70101016  0.25897309],[ 0.69521949  1.37427773],[ 0.68864158  2.40244612]
[ 0.93060555  0.50999684],[ 0.89574616  1.94438625],[ 0.87861294  2.65800515],[ 0.87594376  0.60325306],[ 0.86623443  1.67812238],[ 0.8555143   2.05827239],[ 0.84600636  1.17383945],[ 0.84486271  2.82752838],[ 0.84216119  2.44720897],[ 0.83987625  1.21959922],[ 0.83940213  0.82539476],[ 0.83576973  0.62022879],[ 0.82240801  2.76334918],[ 0.8212978   1.80999555],[ 0.82103979  0.57031003],[ 0.8144596  2.487452 ],[ 0.81016456  1.18839455],[ 0.7883326   1.05548787],[ 0.78472045  1.7775659 ],[ 0.75525638  0.78510437]
[ 0.94072631  1.85325484],[ 0.91581191  2.36129903],[ 0.91058628  0.9756185 ],[ 0.90470469  1.73979761],[ 0.89953385  1.7859633 ],[ 0.89574616  1.94438625],[ 0.89111378  2.0161591 ],[ 0.87569935  2.73188596],[ 0.86365754  2.09156933],[ 0.83142481  1.4208629 ],[ 0.81252403  0.66582853],[ 0.80832842  0.57689032],[ 0.80706244  2.94230987],[ 0.78300665  0.75062022],[ 0.77535297  1.56413037],[ 0.75285532  0.51526424],[ 0.73996694  2.40645091],[ 0.71692719  0.53925024],[ 0.71505528  0.81332791],[ 0.71252308  2.53963855]
[ 0.95439355  1.68004891],[ 0.94072631  1.85325484],[ 0.92162936  1.47848668],[ 0.91559549  0.52609502],[ 0.9071162   1.53314537],[ 0.90031562  0.47537705],[ 0.88074757  2.21313002],[ 0.87594376  0.60325306],[ 0.8583713   1.79164268],[ 0.85198416  2.67954347],[ 0.83557673  1.2385637 ],[ 0.82184221  1.64339035],[ 0.81937089  2.56752718],[ 0.80055731  0.25151115],[ 0.78907437  2.58307963],[ 0.78099078  2.65837217],[ 0.75505413  1.19208828],[ 0.74584697  1.90735129],[ 0.74018734  2.10880622],[ 0.73818587  1.15045089]
[ 0.95439355  1.68004891],[ 0.95014846  2.15193282],[ 0.91556051  1.84652065],[ 0.90807576  2.28809165],[ 0.89111378  2.0161591 ],[ 0.87970019  2.14848725],[ 0.85467872  0.74634172],[ 0.82954433  1.13730239],[ 0.81291679  0.27684445],[ 0.8009743   0.83701089],[ 0.79701977  1.90124571],[ 0.75960781  1.13940945],[ 0.75899567  2.09086866],[ 0.74148463  1.09707045],[ 0.7172235   2.36060417],[ 0.70954885  2.55464226],[ 0.70946235  1.46884979],[ 0.70824015  0.64927288],[ 0.7024704   1.76132052],[ 0.69681448  1.9798809 ]
[ 0.95014846  2.15193282],[ 0.9192754  1.7565462],[ 0.91564042  1.87544707],[ 0.90031562  0.47537705],[ 0.89192064  1.68030573],[ 0.88256627  1.43009317],[ 0.8742425   1.63580186],[ 0.83314657  1.91650365],[ 0.82710646  0.16377322],[ 0.80498296  1.41797845],[ 0.7754432   0.83626358],[ 0.77535297  1.56413037],[ 0.77440719  1.55558449],[ 0.76893774  1.77513405],[ 0.75206194  2.02587777],[ 0.72801163  1.6453073 ],[ 0.72642067  0.65580285],[ 0.72637457  2.1070035 ],[ 0.70908523  2.20903201],[ 0.7003037  0.7502568]
[ 0.91429164  1.64503997],[ 0.90646362  0.32258537],[ 0.88982754  2.44397064],[ 0.87899983  2.48307376],[ 0.8742425   1.63580186],[ 0.8654625  0.5786936],[ 0.84915601  2.92476174],[ 0.84527839  2.84392931],[ 0.83557673  1.2385637 ],[ 0.83439492  1.74547899],[ 0.82062576  0.49558015],[ 0.81326295  2.21202496],[ 0.8009743   0.83701089],[ 0.7857755   1.08161889],[ 0.77451185  0.57047594],[ 0.7648317   2.32576146],[ 0.7634942   2.74091357],[ 0.75729566  0.29477691],[ 0.75648004  0.70050156],[ 0.74206551  0.64371246]
[ 0.95396499  1.3789671 ],[ 0.94035044  1.39472097],[ 0.91429164  1.64503997],[ 0.90528452  2.08085273],[ 0.88256627  1.43009317],[ 0.86957586  2.18713864],[ 0.85600666  0.51009805],[ 0.82075013  1.32413437],[ 0.81185742  0.69945029],[ 0.80342649  2.41972266],[ 0.78433176  1.75438872],[ 0.78425377  2.08148549],[ 0.76169678  1.19473734],[ 0.75960781  1.13940945],[ 0.75839478  1.29672853],[ 0.74235283  1.83877292],[ 0.72475654  1.21907057],[ 0.72328661  1.00721467],[ 0.72315353  1.90403094],[ 0.72242192  2.30870397]
[ 0.95396499  1.3789671 ],[ 0.91421792  2.42580121],[ 0.90958155  1.70057621],[ 0.90646362  0.32258537],[ 0.8989204   0.70527069],[ 0.89298418  2.81474728],[ 0.88478263  0.72931517],[ 0.87205349  2.61687068],[ 0.85137771  2.06446577],[ 0.83356286  0.37418995],[ 0.82138555  0.51078198],[ 0.81526001  1.67315655],[ 0.81266902  1.49029265],[ 0.79794058  0.80888211],[ 0.78446878  2.80555975],[ 0.7700428   0.76054001],[ 0.76893774  1.77513405],[ 0.75434879  2.39737214],[ 0.74393051  2.15559692],[ 0.74338116  2.41593689]
[ 0.93709661  1.96339921],[ 0.92553539  0.43596554],[ 0.90958155  1.70057621],[ 0.88039879  2.42171016],[ 0.87732558  2.74770369],[ 0.85600666  0.51009805],[ 0.80854223  1.76840374],[ 0.8044163   1.90409969],[ 0.798508    2.36099762],[ 0.7974844   2.20123974],[ 0.784287   1.2767961],[ 0.77892376  1.5734398 ],[ 0.74967284  0.75624304],[ 0.71885067  1.04067889],[ 0.71024842  1.86541929],[ 0.69955837  2.03721788],[ 0.69674856  0.97353149],[ 0.68443086  1.13936988],[ 0.65588072  0.80406511],[ 0.63819043  2.43629447]
[ 0.93709661  1.96339921],[ 0.93082943  1.96705106],[ 0.92991431  1.74166875],[ 0.91624525  1.75975067],[ 0.91421792  2.42580121],[ 0.89933365  0.86966589],[ 0.89833369  1.35284267],[ 0.8707982   1.72467476],[ 0.80342649  2.41972266],[ 0.80123795  1.77724909],[ 0.78532088  0.84473708],[ 0.7786901   1.74424044],[ 0.77738759  2.538464  ],[ 0.77509504  1.13166187],[ 0.75672887  2.37797118],[ 0.74614064  3.0267575 ],[ 0.7428458   1.67135622],[ 0.74093604  2.11183845],[ 0.7161211   1.96022506],[ 0.70504792  1.2034965 ]
[ 0.94213975  2.48459111],[ 0.93082943  1.96705106],[ 0.89450144  2.42901412],[ 0.88887669  1.07167993],[ 0.88590553  1.57824974],[ 0.88384376  0.73512477],[ 0.87708447  0.20736602],[ 0.87662185  0.58959805],[ 0.86304836  0.35269892],[ 0.83726339  2.1912316 ],[ 0.82138555  0.51078198],[ 0.81876308  0.60782401],[ 0.7974844   2.20123974],[ 0.78868729  2.57325056],[ 0.76301385  2.03979297],[ 0.76222314  1.18380124],[ 0.76127534  1.21029123],[ 0.75899701  0.97594325],[ 0.75060093  0.61481728],[ 0.75044128  2.89816454]
[ 0.94213975  2.48459111],[ 0.9306779   2.14440216],[ 0.91857532  2.34865284],[ 0.90037107  1.05112405],[ 0.89933365  0.86966589],[ 0.89298418  2.81474728],[ 0.88137791  2.66187122],[ 0.85426509  2.19103931],[ 0.84658729  0.58985528],[ 0.84538474  1.14206364],[ 0.84527839  2.84392931],[ 0.83584552  1.41740362],[ 0.83072375  0.43758578],[ 0.82780771  1.20855157],[ 0.82738685  2.60310111],[ 0.79616419  2.4439545 ],[ 0.78433176  1.75438872],[ 0.78185856  3.02488648],[ 0.77984226  1.70742974],[ 0.7793272   0.41488648]
[ 0.9306779   2.14440216],[ 0.90896205  0.9300678 ],[ 0.86471627  0.70430874],[ 0.86358802  2.34207278],[ 0.86304836  0.35269892],[ 0.86185311  0.94820083],[ 0.84959285  2.40927492],[ 0.84906909  1.76388899],[ 0.83603168  2.0647032 ],[ 0.8279042   0.76586627],[ 0.82421732  1.45463976],[ 0.82155164  2.82881127],[ 0.81338461  0.22094801],[ 0.80893744  2.51692081],[ 0.80000949  1.09688175],[ 0.75648004  0.70050156],[ 0.75631581  2.58283201],[ 0.74910419  2.55741267],[ 0.74626413  0.57767275],[ 0.74498583  1.12630447]
[ 0.92373705  0.90733804],[ 0.92123588  2.70362036],[ 0.89238655  2.83473939],[ 0.88982754  2.44397064],[ 0.88931487  2.62005951],[ 0.86738398  1.62711395],[ 0.86521221  2.10990514],[ 0.85656869  1.08656585],[ 0.84906909  1.76388899],[ 0.83072375  0.43758578],[ 0.82240801  2.76334918],[ 0.81937089  2.56752718],[ 0.80099796  2.01883666],[ 0.79488709  2.1537839 ],[ 0.7894721   1.48673209],[ 0.78569115  0.88584949],[ 0.78428297  2.28289542],[ 0.77806719  1.92964687],[ 0.77627086  2.04143381],[ 0.77570345  1.03194566]
[ 0.93271642  0.2431609 ],[ 0.92508387  1.28997862],[ 0.92123588  2.70362036],[ 0.91125538  1.46269668],[ 0.90086141  2.22302469],[ 0.89535975  2.38137609],[ 0.87522811  1.65749014],[ 0.86185311  0.94820083],[ 0.85593551  1.26792476],[ 0.85438895  0.54245803],[ 0.84668076  1.92151507],[ 0.83445312  0.72616964],[ 0.83029095  2.28543493],[ 0.82516823  1.23272147],[ 0.76855821  1.77155597],[ 0.76781053  2.86518294],[ 0.76533648  2.55911639],[ 0.76024404  2.07628748],[ 0.75910054  1.42206132],[ 0.75525638  0.78510437]
[ 0.92537658  1.1507652 ],[ 0.92508387  1.28997862],[ 0.89424368  1.84462065],[ 0.88356791  2.52191795],[ 0.87183648  2.44393613],[ 0.86332322  0.83567504],[ 0.85991647  1.3480088 ],[ 0.85648283  1.5190264 ],[ 0.85375992  0.62435256],[ 0.85148737  2.39584712],[ 0.85034549  0.99114203],[ 0.84750534  2.51506341],[ 0.83699971  1.57378418],[ 0.82936519  2.55953661],[ 0.7894721   1.48673209],[ 0.78755912  1.24113274],[ 0.77750039  1.2701705 ],[ 0.75489038  0.66395433],[ 0.75011896  1.81081208],[ 0.72322907  2.74141847]
[ 0.93813451  3.0386014 ],[ 0.88856458  0.33959953],[ 0.87739877  1.17368198],[ 0.87183648  2.44393613],[ 0.86899821  2.48731047],[ 0.86086246  0.80676663],[ 0.85625157  1.31949336],[ 0.85593551  1.26792476],[ 0.85508669  0.60357658],[ 0.85170492  2.53389891],[ 0.85118073  0.70653855],[ 0.81258004  1.83782131],[ 0.81062742  2.74295261],[ 0.79912415  1.9127889 ],[ 0.79198918  1.98174121],[ 0.78442246  2.03418545],[ 0.76470188  2.68839249],[ 0.76308297  1.35948196],[ 0.74651877  0.87809633],[ 0.73644306  1.76197638]
[ 0.94463903  0.71459037],[ 0.93813451  3.0386014 ],[ 0.92309061  2.39050076],[ 0.89431692  2.55947004],[ 0.89371105  2.37657478],[ 0.87186461  0.40654406],[ 0.85888134  2.75989577],[ 0.85845047  1.33439913],[ 0.85375992  0.62435256],[ 0.85064017  1.97584585],[ 0.84940315  0.73593625],[ 0.82960963  0.52070921],[ 0.78362283  1.6228958 ],[ 0.77710874  1.20585132],[ 0.76855821  1.77155597],[ 0.75683171  2.8337179 ],[ 0.75215388  0.53238408],[ 0.74258984  1.71976676],[ 0.73849697  0.99172752],[ 0.73829647  1.22581468]
[ 0.92309061  2.39050076],[ 0.90451906  1.51217525],[ 0.88918829  1.02055101],[ 0.88415283  2.0969773 ],[ 0.86587856  2.85475871],[ 0.86548231  1.3077971 ],[ 0.86042056  2.1665242 ],[ 0.85118073  0.70653855],[ 0.84696849  1.0936235 ],[ 0.84668395  1.95981117],[ 0.8446953   1.19832527],[ 0.80536587  0.81785647],[ 0.79877784  1.61611579],[ 0.76967392  1.11742018],[ 0.74561111  1.92849844],[ 0.74535581  1.85310251],[ 0.74306313  2.37996237],[ 0.73203222  2.76269006],[ 0.72413019  2.4015698 ],[ 0.71755076  0.40985375]
[ 0.9285201   2.84589208],[ 0.92271337  1.02466678],[ 0.89214771  2.16243205],[ 0.89207196  0.85808472],[ 0.88821461  2.47092581],[ 0.88726557  1.7766173 ],[ 0.88514519  2.50458894],[ 0.88415283  2.0969773 ],[ 0.88308941  2.07565005],[ 0.87727596  0.84126479],[ 0.86453015  0.80888491],[ 0.84940315  0.73593625],[ 0.84813911  1.72865997],[ 0.83864194  1.39960438],[ 0.80166399  2.11167011],[ 0.77999403  2.22822448],[ 0.77814756  0.88834027],[ 0.75778762  2.11516743],[ 0.75589415  1.3117289 ],[ 0.73763765  0.78206234]
[ 0.90324567  0.79329114],[ 0.89214771  2.16243205],[ 0.88052565  1.62676315],[ 0.86806128  1.52166093],[ 0.85724362  1.628918  ],[ 0.84962551  0.59358688],[ 0.8390614   2.90863772],[ 0.83903906  3.01294636],[ 0.81508204  1.13265529],[ 0.80536587  0.81785647],[ 0.80146273  2.2041582 ],[ 0.78446491  2.06552445],[ 0.77212149  1.75839547],[ 0.73735963  1.37186252],[ 0.70960238  1.87374742],[ 0.6922786   1.81810267],[ 0.68385464  1.12058467],[ 0.67071783  1.98662396],[ 0.6627163  1.2939998],[ 0.66176309  1.96853926]
[ 0.94757823  1.39289015],[ 0.91508374  2.15936976],[ 0.91457341  2.44550466],[ 0.89147841  1.69607683],[ 0.88052565  1.62676315],[ 0.86453015  0.80888491],[ 0.84426954  2.06912609],[ 0.78848076  1.80200968],[ 0.78814504  2.45074556],[ 0.74939109  2.55902863],[ 0.7203919   0.91782158],[ 0.687092    1.28749085],[ 0.68451261  2.21451556],[ 0.65806815  1.28819134],[ 0.63883857  1.80460013],[ 0.63165096  1.40692002],[ 0.60812071  2.89425206],[ 0.59033869  1.65798392],[ 0.57442328  0.71153311],[ 0.57434226  0.54776632]
[ 0.94757823  1.39289015],[ 0.91883315  2.11214597],[ 0.91248238  1.71359327],[ 0.89376712  1.07705642],[ 0.89207196  0.85808472],[ 0.85300205  2.09685551],[ 0.84164976  1.05549311],[ 0.83903906  3.01294636],[ 0.81608781  2.25871703],[ 0.80493103  2.39632257],[ 0.79043613  1.28615228],[ 0.73740182  1.85476177],[ 0.73633483  1.97331503],[ 0.71883201  1.46845845],[ 0.71477426  2.29988013],[ 0.68893055  0.91319813],[ 0.68640736  2.67368566],[ 0.67920226  1.27809808],[ 0.6790402   1.86597448],[ 0.65696481  0.13892103]
[ 0.92018443  2.26631167],[ 0.91248238  1.71359327],[ 0.88821461  2.47092581],[ 0.88749554  0.97186613],[ 0.86806128  1.52166093],[ 0.85894034  1.1939299 ],[ 0.84696849  1.0936235 ],[ 0.84511302  2.75996026],[ 0.84426954  2.06912609],[ 0.8348665   0.28000273],[ 0.82993888  2.26078537],[ 0.82641536  2.16560615],[ 0.81490185  0.46251133],[ 0.80999492  1.71562533],[ 0.79539756  0.40914176],[ 0.75032602  0.80022315],[ 0.73836144  1.63432338],[ 0.73386231  0.84803763],[ 0.72789682  2.23196906],[ 0.7222638   2.78701084]
[ 0.92271337  1.02466678],[ 0.92018443  2.26631167],[ 0.90324039  0.49744988],[ 0.89376712  1.07705642],[ 0.89308633  1.88746517],[ 0.8835869   0.84067737],[ 0.87189135  1.15120161],[ 0.86587856  2.85475871],[ 0.85367783  2.3212268 ],[ 0.8510168   1.54725746],[ 0.84988667  0.90034166],[ 0.83311066  1.41857336],[ 0.82960963  0.52070921],[ 0.78848076  1.80200968],[ 0.78446491  2.06552445],[ 0.77576833  1.90643934],[ 0.75275813  2.26393101],[ 0.73674048  0.75997182],[ 0.73354783  2.38774259],[ 0.72643974  1.19991084]
[ 0.90531009  0.54575689],[ 0.90451906  1.51217525],[ 0.89371105  2.37657478],[ 0.89308633  1.88746517],[ 0.87560016  2.45388372],[ 0.87146503  0.47429575],[ 0.86651377  1.06219486],[ 0.86086246  0.80676663],[ 0.84612076  2.3692002 ],[ 0.81914477  2.49015195],[ 0.81490185  0.46251133],[ 0.80166399  2.11167011],[ 0.79908181  0.46211483],[ 0.79325443  2.33004443],[ 0.77894009  1.45405873],[ 0.77459495  0.75155687],[ 0.7680166   0.50143001],[ 0.73637831  0.97971286],[ 0.73239105  0.23364099],[ 0.71729524  1.77559994]
[ 0.94463903  0.71459037],[ 0.87590152  2.41309497],[ 0.87560016  2.45388372],[ 0.86899821  2.48731047],[ 0.86332322  0.83567504],[ 0.84988667  0.90034166],[ 0.84668395  1.95981117],[ 0.83864194  1.39960438],[ 0.83547949  0.08954267],[ 0.83236057  1.015467  ],[ 0.82918736  1.45327138],[ 0.82328632  0.84420667],[ 0.81430991  0.77463765],[ 0.78633477  1.18251355],[ 0.78002349  1.06323638],[ 0.77386103  2.02995867],[ 0.77293877  2.80216691],[ 0.77265308  2.64553003],[ 0.77180916  2.34965699],[ 0.77117357  1.92672715]
[ 0.89809759  0.0757828 ],[ 0.87739877  1.17368198],[ 0.87590152  2.41309497],[ 0.87522811  1.65749014],[ 0.87379832  1.61333957],[ 0.87146503  0.47429575],[ 0.85282908  0.35451709],[ 0.85148737  2.39584712],[ 0.85064017  1.97584585],[ 0.83811469  0.66077737],[ 0.83386238  1.8873957 ],[ 0.80893744  2.51692081],[ 0.79795023  1.6064699 ],[ 0.7840703   2.38530062],[ 0.77552339  2.68287471],[ 0.76895395  0.35435136],[ 0.76445342  1.46042157],[ 0.74535581  1.85310251],[ 0.73259241  1.19337265],[ 0.72043837  2.43357896]
[ 0.92648836  1.96659369],[ 0.92537658  1.1507652 ],[ 0.921021    0.54802447],[ 0.90086141  2.22302469],[ 0.87379832  1.61333957],[ 0.87274405  1.7728733 ],[ 0.86459556  0.48767979],[ 0.86238081  2.35230412],[ 0.84445047  1.96755027],[ 0.83839621  2.33047954],[ 0.82930554  0.61025651],[ 0.82328632  0.84420667],[ 0.80206213  1.56710425],[ 0.78569115  0.88584949],[ 0.7843327   0.71669728],[ 0.76756163  0.40496028],[ 0.76470188  2.68839249],[ 0.75541108  1.23402482],[ 0.75532049  2.42720486],[ 0.75415903  2.09000435]
[ 0.92648836  1.96659369],[ 0.92132217  1.34324256],[ 0.91932542  0.03793453],[ 0.91125538  1.46269668],[ 0.89381568  2.17777574],[ 0.8909854   1.56762884],[ 0.86521221  2.10990514],[ 0.85775813  2.32862609],[ 0.85282908  0.35451709],[ 0.84959285  2.40927492],[ 0.84105903  1.38651344],[ 0.83583768  1.31402075],[ 0.82936519  2.55953661],[ 0.82793458  1.96471848],[ 0.82442362  0.40050254],[ 0.79574668  2.28341174],[ 0.75861229  1.31919935],[ 0.75394036  1.71147863],[ 0.75275939  2.47938023],[ 0.74808174  0.48897035]
[ 0.92132217  1.34324256],[ 0.92003334  2.75462176],[ 0.90659258  2.14795727],[ 0.88931487  2.62005951],[ 0.88825453  2.53208019],[ 0.87274405  1.7728733 ],[ 0.85438895  0.54245803],[ 0.83637939  1.71475579],[ 0.8224527   0.58345678],[ 0.82208766  1.30547419],[ 0.82103979  0.57031003],[ 0.81321095  0.68864168],[ 0.81041418  2.25503122],[ 0.80588653  2.2227302 ],[ 0.80464796  2.40037161],[ 0.78755912  1.24113274],[ 0.78752919  2.27678522],[ 0.77603857  0.86162475],[ 0.76676804  1.54191169],[ 0.76543725  1.85334427]
[ 0.9286804   2.71137113],[ 0.92373705  0.90733804],[ 0.92003334  2.75462176],[ 0.89908356  0.56484116],[ 0.8909854   1.56762884],[ 0.87899983  2.48307376],[ 0.85793684  2.16490086],[ 0.84658729  0.58985528],[ 0.83603168  2.0647032 ],[ 0.83254878  1.04001822],[ 0.83029095  2.28543493],[ 0.81823098  0.72498225],[ 0.81220495  1.26488283],[ 0.79063439  1.21418405],[ 0.78875366  1.12656358],[ 0.78446878  2.80555975],[ 0.78103381  1.60465329],[ 0.764223    2.06652576],[ 0.7638658   1.39619151],[ 0.74787915  1.74398074]
[ 0.9286804   2.71137113],[ 0.92110807  1.39024384],[ 0.90475409  2.35609889],[ 0.87851826  1.01081698],[ 0.85426509  2.19103931],[ 0.84427321  2.15190023],[ 0.84105903  1.38651344],[ 0.83672828  1.53725117],[ 0.82492769  1.28512099],[ 0.82421732  1.45463976],[ 0.81863508  1.4654621 ],[ 0.81321095  0.68864168],[ 0.80810157  1.35544608],[ 0.80099796  2.01883666],[ 0.79154882  1.98720367],[ 0.7857755   1.08161889],[ 0.7700428   0.76054001],[ 0.76222314  1.18380124],[ 0.74614064  3.0267575 ],[ 0.72374822  2.21711102]
[ 0.94677304  1.62198042],[ 0.92110807  1.39024384],[ 0.91857532  2.34865284],[ 0.91624525  1.75975067],[ 0.8989204   0.70527069],[ 0.87708447  0.20736602],[ 0.85793684  2.16490086],[ 0.84635607  0.55615058],[ 0.84431444  2.37120706],[ 0.82062576  0.49558015],[ 0.81338461  0.22094801],[ 0.798508    2.36099762],[ 0.78425377  2.08148549],[ 0.77885719  1.27340606],[ 0.75988547  0.76871013],[ 0.74234448  1.98301237],[ 0.72724635  0.98394132],[ 0.71042388  2.28462203],[ 0.6964933   2.18936067],[ 0.69080767  2.76721016]
[ 0.94677304  1.62198042],[ 0.92991431  1.74166875],[ 0.88590553  1.57824974],[ 0.87712972  2.16417886],[ 0.84538474  1.14206364],[ 0.82492769  1.28512099],[ 0.81526001  1.67315655],[ 0.8044163   1.90409969],[ 0.7486199   0.41765803],[ 0.7417519  0.8442589],[ 0.72796263  1.43717086],[ 0.72338668  1.72527151],[ 0.72177691  2.08689926],[ 0.70512784  1.68338425],[ 0.68290114  1.60821952],[ 0.67909038  1.96523295],[ 0.67355612  1.54582424],[ 0.66798154  2.18401758],[ 0.66580963  2.50904192],[ 0.66570838  1.86425467]
[ 0.90547664  0.93249133],[ 0.87712972  2.16417886],[ 0.87662185  0.58959805],[ 0.86453469  1.77959064],[ 0.84635607  0.55615058],[ 0.84325922  1.54804491],[ 0.8279042   0.76586627],[ 0.82738685  2.60310111],[ 0.81863508  1.4654621 ],[ 0.7786901   1.74424044],[ 0.74393728  0.65369727],[ 0.70586214  1.86519502],[ 0.70023432  1.65217598],[ 0.69851319  2.21675201],[ 0.69465484  2.08529143],[ 0.6913563   1.67771134],[ 0.68874023  0.89997776],[ 0.67968495  1.99519896],[ 0.65125084  1.60174671],[ 0.64516727  0.72249325]
[ 0.92310027  1.62057765],[ 0.88090329  2.26619366],[ 0.87851826  1.01081698],[ 0.8765066  1.6688525],[ 0.86453469  1.77959064],[ 0.81326184  2.30812554],[ 0.80850278  2.69385247],[ 0.79574668  2.28341174],[ 0.7882969   0.99535333],[ 0.78680179  2.73366229],[ 0.77885719  1.27340606],[ 0.76431086  2.50427295],[ 0.764223    2.06652576],[ 0.75983965  1.72957339],[ 0.7486199   0.41765803],[ 0.74498583  1.12630447],[ 0.74339955  0.92660926],[ 0.71959281  0.83515999],[ 0.71865608  1.93146067],[ 0.70499118  1.55567501]
[ 0.92991427  2.48053496],[ 0.92310027  1.62057765],[ 0.90547664  0.93249133],[ 0.89054572  2.3288911 ],[ 0.86471627  0.70430874],[ 0.85944863  2.72291921],[ 0.85775813  2.32862609],[ 0.84427321  2.15190023],[ 0.83257629  1.87728041],[ 0.82221983  1.38535055],[ 0.77984226  1.70742974],[ 0.77704455  1.65780602],[ 0.77552339  2.68287471],[ 0.7638658   1.39619151],[ 0.7616045   1.96744603],[ 0.75988547  0.76871013],[ 0.75899701  0.97594325],[ 0.72338668  1.72527151],[ 0.72169281  1.22693433],[ 0.71926355  1.74549732]
[ 0.94496739  2.33271961],[ 0.92991427  2.48053496],[ 0.89706557  1.31576071],[ 0.8765066  1.6688525],[ 0.84325922  1.54804491],[ 0.82442068  0.60401823],[ 0.82229031  0.65247121],[ 0.81988826  1.67625228],[ 0.79433977  1.71817048],[ 0.7838651   0.70023466],[ 0.77135283  1.53644117],[ 0.75812829  1.08578035],[ 0.72524814  2.12796024],[ 0.71175423  2.05509112],[ 0.70444024  0.68417351],[ 0.69477601  1.18125404],[ 0.69273065  1.98058614],[ 0.69059369  0.7031349 ],[ 0.6628893   0.54532601],[ 0.658558    0.01038679]
[ 0.94592644  1.68145762],[ 0.94496739  2.33271961],[ 0.91929003  2.07022608],[ 0.88681774  1.96076216],[ 0.8744851   1.55979494],[ 0.84456201  1.24827703],[ 0.82221983  1.38535055],[ 0.81642775  2.06302897],[ 0.78712977  2.32406003],[ 0.7773652   1.38534523],[ 0.75840607  2.86987075],[ 0.74349092  1.57406345],[ 0.74339955  0.92660926],[ 0.74252146  2.40992014],[ 0.73009467  2.4050955 ],[ 0.72092588  1.32519662],[ 0.69851319  2.21675201],[ 0.68515474  0.27984352],[ 0.65535148  0.41757955],[ 0.65006091  1.2144826 ]
[ 0.94592644  1.68145762],[ 0.93217888  0.29326356],[ 0.87966238  2.43064648],[ 0.87869564  1.68402405],[ 0.87196119  1.79156376],[ 0.86937404  2.68283043],[ 0.81988826  1.67625228],[ 0.79218059  0.45335056],[ 0.76722719  0.76991064],[ 0.75733726  1.23547689],[ 0.75123827  2.28008101],[ 0.72774456  2.827046  ],[ 0.70316093  1.10962287],[ 0.69955524  1.26801961],[ 0.69949006  1.7210368 ],[ 0.69019143  2.44279718],[ 0.6761365   0.61468004],[ 0.66537905  0.98347325],[ 0.63576689  2.13897722],[ 0.63299851  1.78428561]
[ 0.922607    2.54591515],[ 0.90511269  1.07752673],[ 0.87196119  1.79156376],[ 0.87020203  1.8784221 ],[ 0.86432622  2.00623165],[ 0.8510752   1.75958874],[ 0.84456201  1.24827703],[ 0.8189656  0.1476204],[ 0.77792772  1.95040735],[ 0.75812829  1.08578035],[ 0.75115052  1.22055536],[ 0.69766738  1.46905875],[ 0.66946048  0.97469101],[ 0.66493206  2.70513899],[ 0.66291145  2.44581352],[ 0.64948247  1.0819444 ],[ 0.64028878  1.80632659],[ 0.63471972  0.87369348],[ 0.62711606  1.98043235],[ 0.61923329  2.47831936]
[ 0.91793509  2.6243837 ],[ 0.90511269  1.07752673],[ 0.89802919  2.13599869],[ 0.89252842  1.2202908 ],[ 0.87869564  1.68402405],[ 0.86818327  1.54571788],[ 0.84227123  1.31434796],[ 0.82244697  1.50594439],[ 0.79797485  2.80653287],[ 0.78740661  1.22496787],[ 0.78712977  2.32406003],[ 0.76666201  0.70628961],[ 0.76532704  2.0412343 ],[ 0.74789297  1.19469838],[ 0.74432763  2.4448768 ],[ 0.72538934  2.29364516],[ 0.70296954  1.7135374 ],[ 0.69393308  2.04619638],[ 0.68378326  0.59643803],[ 0.6772252   2.68834948]
[ 0.94894477  2.40426237],[ 0.93862395  0.82906509],[ 0.922607    2.54591515],[ 0.91793509  2.6243837 ],[ 0.89816108  1.9760842 ],[ 0.87022072  1.8357183 ],[ 0.84535261  0.36165067],[ 0.83903737  1.68693973],[ 0.79355099  0.62383053],[ 0.76663279  1.60500024],[ 0.75733726  1.23547689],[ 0.75394696  0.61569405],[ 0.74624253  0.3012455 ],[ 0.74112271  2.23880198],[ 0.73686552  2.36739431],[ 0.73504365  2.33456652],[ 0.7296956   1.25085953],[ 0.72137418  0.996767  ],[ 0.72092588  1.32519662],[ 0.71220493  1.52382213]
[ 0.94894477  2.40426237],[ 0.92876469  2.3028011 ],[ 0.89054769  1.90280302],[ 0.88758862  1.94698623],[ 0.85336393  1.20149485],[ 0.84039597  0.45627737],[ 0.82039229  2.70390561],[ 0.8189656  0.1476204],[ 0.80847332  1.95005587],[ 0.80127694  1.26364677],[ 0.7898163  2.7896764],[ 0.78740661  1.22496787],[ 0.76138325  0.82747685],[ 0.74138542  1.93843597],[ 0.73625604  1.59106277],[ 0.73354288  3.0156645 ],[ 0.72338167  2.59598759],[ 0.72329165  0.8089069 ],[ 0.71350972  2.830454  ],[ 0.70105475  0.3156967 ]
[ 0.92876469  2.3028011 ],[ 0.91290629  1.8521316 ],[ 0.89654476  0.50736691],[ 0.88436631  2.70800205],[ 0.87943416  0.57038289],[ 0.87328896  1.83402661],[ 0.87223747  0.92109062],[ 0.85735892  1.17140624],[ 0.84535261  0.36165067],[ 0.84320262  0.85046409],[ 0.84299245  0.82631105],[ 0.83728999  1.98777369],[ 0.83423771  1.48181011],[ 0.77601452  2.39309796],[ 0.75819909  2.08117728],[ 0.75246648  0.96304852],[ 0.74560241  2.18227104],[ 0.74425911  1.20975919],[ 0.74219509  1.21902552],[ 0.73158375  2.15237401]
[ 0.91290629  1.8521316 ],[ 0.90327783  1.61422311],[ 0.89807457  2.69652549],[ 0.89534417  2.41197913],[ 0.84039597  0.45627737],[ 0.83615784  1.26995811],[ 0.82234019  2.26386127],[ 0.78204848  0.68850445],[ 0.77859735  2.08683131],[ 0.73608472  2.69585794],[ 0.7351672   0.65952314],[ 0.71269744  2.33283849],[ 0.70632735  1.63163743],[ 0.70322519  1.01330864],[ 0.69439451  1.96334854],[ 0.66950352  1.27398834],[ 0.6650601   1.74556409],[ 0.65883211  0.37154767],[ 0.62082276  1.9491559 ],[ 0.60754486  2.84732476]
[ 0.94729084  1.74026683],[ 0.92882381  0.28467097],[ 0.90516496  2.2327961 ],[ 0.89534417  2.41197913],[ 0.88734936  0.82158546],[ 0.88025255  1.53852805],[ 0.87943416  0.57038289],[ 0.87669928  0.36898237],[ 0.85927875  2.30651853],[ 0.84736648  2.24632917],[ 0.82520961  1.23593583],[ 0.80009822  1.93463391],[ 0.7718043   1.73335455],[ 0.76742589  1.13402418],[ 0.74244181  2.04677994],[ 0.7399702   2.57486887],[ 0.73518022  0.92598443],[ 0.73077606  1.79887702],[ 0.72414194  2.88916917],[ 0.71350972  2.830454  ]
[ 0.94729084  1.74026683],[ 0.92388884  1.83791515],[ 0.90620968  1.26227081],[ 0.89510674  1.26581501],[ 0.89275158  2.01859182],[ 0.87475123  2.95260996],[ 0.81245304  2.72593128],[ 0.81037038  1.79564627],[ 0.80819819  1.08581134],[ 0.80370236  1.70824521],[ 0.78204848  0.68850445],[ 0.7731427   1.12687592],[ 0.75723541  2.67278569],[ 0.75595001  2.29631528],[ 0.75362478  0.71106737],[ 0.74219509  1.21902552],[ 0.74136274  0.71270498],[ 0.73032689  2.18324981],[ 0.71453652  2.3164734 ],[ 0.71029611  0.91099338]
[ 0.96208874  2.12564881],[ 0.92388884  1.83791515],[ 0.90516496  2.2327961 ],[ 0.85451644  0.8122362 ],[ 0.83615784  1.26995811],[ 0.81770125  2.25214401],[ 0.80886961  1.77115954],[ 0.79749102  1.9078868 ],[ 0.76545534  0.71827286],[ 0.732435   1.5824991],[ 0.73158375  2.15237401],[ 0.72670234  1.54414579],[ 0.71694563  0.85179596],[ 0.71264179  1.01826451],[ 0.71002327  1.7114787 ],[ 0.70327623  1.35856333],[ 0.70022989  2.28371869],[ 0.67371561  1.44504252],[ 0.64276658  0.71158067],[ 0.59637426  1.12911807]
[ 0.96208874  2.12564881],[ 0.94596667  1.96772428],[ 0.92882381  0.28467097],[ 0.89807457  2.69652549],[ 0.89621528  0.51750012],[ 0.89275158  2.01859182],[ 0.88175075  1.89879157],[ 0.84320262  0.85046409],[ 0.81655386  0.22925825],[ 0.80189558  1.17339298],[ 0.79495475  2.51830251],[ 0.76676804  1.54191169],[ 0.73354288  3.0156645 ],[ 0.72718938  2.45011131],[ 0.72325419  1.17849902],[ 0.71873394  1.45473901],[ 0.71320073  0.87274761],[ 0.71077255  2.04955507],[ 0.70926834  0.96555587],[ 0.70724962  1.67927946]
[ 0.94596667  1.96772428],[ 0.91416254  1.937287  ],[ 0.9125782   2.20532892],[ 0.90327783  1.61422311],[ 0.88436631  2.70800205],[ 0.87226193  2.08131346],[ 0.85451644  0.8122362 ],[ 0.85336393  1.20149485],[ 0.8505499   1.02599694],[ 0.84736648  2.24632917],[ 0.81993388  1.77634385],[ 0.79348553  1.15325115],[ 0.75595001  2.29631528],[ 0.75102014  1.9584767 ],[ 0.73686552  2.36739431],[ 0.72212672  1.63956153],[ 0.71133713  0.49065146],[ 0.70479334  1.38843228],[ 0.69785334  2.52368415],[ 0.67252695  1.18821514]
[ 0.9125782   2.20532892],[ 0.89654476  0.50736691],[ 0.89621528  0.51750012],[ 0.89355747  1.90197412],[ 0.88963601  1.95020226],[ 0.8867339   1.97035531],[ 0.87669928  0.36898237],[ 0.8728169   1.67554874],[ 0.84478787  0.72534108],[ 0.84333781  1.95919406],[ 0.83839621  2.33047954],[ 0.83637939  1.71475579],[ 0.82793458  1.96471848],[ 0.82234019  2.26386127],[ 0.82039229  2.70390561],[ 0.80373671  0.92211941],[ 0.80370236  1.70824521],[ 0.79749102  1.9078868 ],[ 0.77596709  2.23216618],[ 0.75796161  0.68878826]
[ 0.91326436  0.46127414],[ 0.9097469   2.02742673],[ 0.89816108  1.9760842 ],[ 0.89054769  1.90280302],[ 0.88982773  1.02743814],[ 0.88830628  0.86706148],[ 0.8728169   1.67554874],[ 0.8677279   2.64509516],[ 0.8510752   1.75958874],[ 0.8505499   1.02599694],[ 0.83728999  1.98777369],[ 0.81326184  2.30812554],[ 0.78668123  1.78731946],[ 0.7838651   0.70023466],[ 0.76666201  0.70628961],[ 0.7616045   1.96744603],[ 0.75840607  2.86987075],[ 0.74808174  0.48897035],[ 0.74651682  0.82697794],[ 0.72908164  2.24523238]
[ 0.93862395  0.82906509],[ 0.9097469   2.02742673],[ 0.90541633  2.39634261],[ 0.89802919  2.13599869],[ 0.88983497  1.57666329],[ 0.88758862  1.94698623],[ 0.86432622  2.00623165],[ 0.85735892  1.17140624],[ 0.85167691  1.68936119],[ 0.84972614  1.01111115],[ 0.83759567  0.3113183 ],[ 0.83419855  2.4876985 ],[ 0.82482713  0.62627353],[ 0.80530417  2.72952058],[ 0.80412222  2.28919587],[ 0.80373671  0.92211941],[ 0.79218059  0.45335056],[ 0.78584008  1.14929627],[ 0.7773652   1.38534523],[ 0.76660246  1.02255484]
[ 0.91929003  2.07022608],[ 0.90541633  2.39634261],[ 0.89706557  1.31576071],[ 0.88830628  0.86706148],[ 0.88121898  2.14279145],[ 0.87966238  2.43064648],[ 0.87020203  1.8784221 ],[ 0.86922636  0.88511258],[ 0.86475468  0.66334647],[ 0.84227123  1.31434796],[ 0.84022279  2.04460027],[ 0.83903737  1.68693973],[ 0.83257629  1.87728041],[ 0.80779267  0.51481917],[ 0.78680179  2.73366229],[ 0.74138542  1.93843597],[ 0.73996805  2.47138743],[ 0.73360697  0.81173975],[ 0.71952932  0.63185374],[ 0.71557805  2.19111234]
[ 0.93461915  2.49268373],[ 0.93217888  0.29326356],[ 0.88681774  1.96076216],[ 0.88121898  2.14279145],[ 0.86818327  1.54571788],[ 0.86394794  1.55330082],[ 0.86329571  2.70224422],[ 0.85593058  1.38471903],[ 0.84747027  2.11428633],[ 0.83492953  0.47664994],[ 0.82531242  2.17877432],[ 0.82482713  0.62627353],[ 0.77792772  1.95040735],[ 0.77135283  1.53644117],[ 0.74464489  1.67415728],[ 0.73155557  1.31341289],[ 0.7296956   1.25085953],[ 0.72427501  2.0773325 ],[ 0.72331544  0.73033644],[ 0.71298145  2.04305922]
[ 0.93461915  2.49268373],[ 0.93054611  0.74273994],[ 0.92944537  2.09026601],[ 0.88543484  2.35117925],[ 0.8744851   1.55979494],[ 0.870176    0.72151877],[ 0.86937404  2.68283043],[ 0.86030031  1.15419032],[ 0.80960845  1.95659343],[ 0.80779267  0.51481917],[ 0.7973905   0.46801456],[ 0.79433977  1.71817048],[ 0.77459495  0.75155687],[ 0.73259241  1.19337265],[ 0.71926355  1.74549732],[ 0.71653066  1.9614702 ],[ 0.70296954  1.7135374 ],[ 0.68318705  2.32837164],[ 0.67923096  0.37930813],[ 0.67816692  2.75874962]
[ 0.92944537  2.09026601],[ 0.92355244  1.94136383],[ 0.89089501  1.833803  ],[ 0.86822019  2.30393402],[ 0.86177873  2.52852753],[ 0.83492953  0.47664994],[ 0.83007107  0.88487428],[ 0.82679957  0.45733424],[ 0.76722719  0.76991064],[ 0.74434365  2.31450091],[ 0.73009467  2.4050955 ],[ 0.71729524  1.77559994],[ 0.70912304  2.01713749],[ 0.70807635  1.37680323],[ 0.70671083  2.78027568],[ 0.69366722  2.20726391],[ 0.69341872  1.78224342],[ 0.66771303  1.64994988],[ 0.63505292  2.42846701],[ 0.62195684  1.67211103]
[ 0.92355244  1.94136383],[ 0.88972072  0.72119033],[ 0.87253129  1.40353674],[ 0.870176    0.72151877],[ 0.8683316   1.88576521],[ 0.83661176  2.34874413],[ 0.83352867  2.69687991],[ 0.82276543  2.05224588],[ 0.79578101  0.69970884],[ 0.79027563  1.08282172],[ 0.78825919  0.59748235],[ 0.77894009  1.45405873],[ 0.72077913  1.95431786],[ 0.71298145  2.04305922],[ 0.69052018  1.8756931 ],[ 0.67639243  1.07963818],[ 0.67468666  2.63922278],[ 0.67187689  2.01519847],[ 0.65006091  1.2144826 ],[ 0.64127321  1.9129367 ]
[ 0.92193457  1.82387375],[ 0.88902584  0.62467062],[ 0.84631763  2.03027001],[ 0.83661176  2.34874413],[ 0.82679957  0.45733424],[ 0.82556321  2.83496541],[ 0.77749032  2.64043949],[ 0.77353256  0.50708948],[ 0.70115689  2.53717847],[ 0.6715971   1.69724701],[ 0.64645473  2.19440927],[ 0.61983885  0.79890113],[ 0.6165546   2.02246045],[ 0.61207169  2.1585059 ],[ 0.60795332  0.5585381 ],[ 0.58755538  1.67863332],[ 0.54102813  2.45725262],[ 0.52438871  1.59830882],[ 0.50135529  0.67994838],[ 0.498385    1.90294793]
[ 0.92364022  2.23854394],[ 0.92193457  1.82387375],[ 0.91239455  2.28768359],[ 0.89324888  1.55386439],[ 0.86395302  2.11634649],[ 0.81466909  1.28101718],[ 0.78825919  0.59748235],[ 0.78686965  1.93692793],[ 0.75474322  1.31554474],[ 0.7491693   1.98626129],[ 0.7166417   1.37317411],[ 0.70807635  1.37680323],[ 0.63182481  0.65632893],[ 0.58302314  1.29549877],[ 0.57997356  2.06910044],[ 0.55306804  1.92905652],[ 0.53723104  1.18728672],[ 0.53533315  1.36464354],[ 0.51679407  1.75669879],[ 0.45886318  2.34738469]
[ 0.95346451  1.54020866],[ 0.93808526  0.80828689],[ 0.92364022  2.23854394],[ 0.90098636  1.7027298 ],[ 0.88192234  1.88094181],[ 0.8683316   1.88576521],[ 0.86455322  0.31707411],[ 0.86424247  1.43911427],[ 0.8641071   1.44918686],[ 0.86318982  1.55978365],[ 0.84631763  2.03027001],[ 0.74976047  1.7589781 ],[ 0.74434365  2.31450091],[ 0.71464141  2.38834558],[ 0.70479052  1.88892098],[ 0.70120237  2.22501564],[ 0.69570397  1.3877974 ],[ 0.67332375  0.53552371],[ 0.65265939  2.77522731],[ 0.6287238   1.86997503]
[ 0.95346451  1.54020866],[ 0.92964115  2.65269946],[ 0.89722319  3.00404022],[ 0.89435296  1.52518994],[ 0.88182516  0.85651979],[ 0.85466745  2.28834098],[ 0.81719243  0.11038815],[ 0.81466909  1.28101718],[ 0.79578101  0.69970884],[ 0.78980646  1.14272077],[ 0.77128509  0.70210776],[ 0.77060368  3.05366353],[ 0.7558099   2.88495597],[ 0.73637831  0.97971286],[ 0.73234678  2.57063512],[ 0.73054837  1.47971188],[ 0.71622471  1.5370435 ],[ 0.70115689  2.53717847],[ 0.67899815  0.86319976],[ 0.66770295  0.72326234]
[ 0.94308206  0.62055965],[ 0.93519051  1.93766201],[ 0.92964115  2.65269946],[ 0.91431756  1.96544353],[ 0.90015602  2.25714116],[ 0.88192234  1.88094181],[ 0.85229568  2.66572499],[ 0.85096531  1.75855532],[ 0.8446953   1.19832527],[ 0.82641536  2.16560615],[ 0.79325443  2.33004443],[ 0.7783247   0.74552941],[ 0.76430582  1.23484745],[ 0.73735963  1.37186252],[ 0.72811128  0.49924547],[ 0.72077913  1.95431786],[ 0.7166417   1.37317411],[ 0.71011982  1.81340368],[ 0.68392049  2.11847374],[ 0.68250488  1.31411241]
[ 0.93519051  1.93766201],[ 0.92489622  1.41790871],[ 0.88918829  1.02055101],[ 0.87536313  1.95320353],[ 0.85724362  1.628918  ],[ 0.8348665   0.28000273],[ 0.80866157  0.28739381],[ 0.80234767  1.51915956],[ 0.78980646  1.14272077],[ 0.77999403  2.22822448],[ 0.77709019  1.99202035],[ 0.7680166   0.50143001],[ 0.75683171  2.8337179 ],[ 0.75521696  1.25091498],[ 0.73354783  2.38774259],[ 0.72460708  2.58591363],[ 0.71464141  2.38834558],[ 0.69945406  0.84218556],[ 0.69750379  0.31667757],[ 0.6776458   1.91106934]
[ 0.92688997  2.57698159],[ 0.92489622  1.41790871],[ 0.91431756  1.96544353],[ 0.86569264  0.96317463],[ 0.85894034  1.1939299 ],[ 0.84962551  0.59358688],[ 0.78012293  1.54571785],[ 0.77128509  0.70210776],[ 0.76967392  1.11742018],[ 0.76363083  0.70051987],[ 0.75404336  2.67888419],[ 0.74976047  1.7589781 ],[ 0.71185949  2.61544244],[ 0.68640736  2.67368566],[ 0.68635642  2.77480957],[ 0.68613869  1.88830879],[ 0.68451261  2.21451556],[ 0.66633924  0.82287458],[ 0.66034728  1.54107689],[ 0.66020053  2.75987784]
[ 0.94308206  0.62055965],[ 0.93953048  1.61745341],[ 0.92688997  2.57698159],[ 0.9054981   2.30038112],[ 0.89722319  3.00404022],[ 0.87536313  1.95320353],[ 0.86318982  1.55978365],[ 0.84273369  0.7315518 ],[ 0.7491693   1.98626129],[ 0.7426702   0.13403453],[ 0.74224651  2.97478018],[ 0.72789682  2.23196906],[ 0.69278583  1.68926591],[ 0.67071783  1.98662396],[ 0.65194157  0.13411256],[ 0.62167519  2.05557688],[ 0.61649551  2.57478661],[ 0.60795332  0.5585381 ],[ 0.55877041  1.44619654],[ 0.55375803  1.79887077]
[ 0.93953048  1.61745341],[ 0.90194201  1.94744084],[ 0.89435296  1.52518994],[ 0.86455322  0.31707411],[ 0.85096531  1.75855532],[ 0.84633264  0.68419567],[ 0.78686965  1.93692793],[ 0.78012293  1.54571785],[ 0.72460708  2.58591363],[ 0.6654675   1.53512627],[ 0.65098139  1.69885427],[ 0.6414958   1.41530352],[ 0.6368674   1.64501617],[ 0.61207169  2.1585059 ],[ 0.58713034  1.68099038],[ 0.56703838  2.12602051],[ 0.56103516  2.34625407],[ 0.54333238  2.45946448],[ 0.53967107  1.39687985],[ 0.52026144  0.68584403]
[ 0.91239455  2.28768359],[ 0.90194201  1.94744084],[ 0.90098636  1.7027298 ],[ 0.87802274  2.44079747],[ 0.85466745  2.28834098],[ 0.84273369  0.7315518 ],[ 0.77353256  0.50708948],[ 0.76430582  1.23484745],[ 0.75746522  0.69004148],[ 0.68635642  2.77480957],[ 0.67506617  2.34290656],[ 0.67468666  2.63922278],[ 0.59360862  1.3678743 ],[ 0.54930046  0.96134396],[ 0.54903859  2.34856851],[ 0.54226672  1.61005015],[ 0.50935301  0.7907195 ],[ 0.48894296  1.42338896],[ 0.47968105  1.33036357],[ 0.46462523  1.59094384]
[ 0.93808526  0.80828689],[ 0.93117722  2.21828824],[ 0.9054981   2.30038112],[ 0.90015602  2.25714116],[ 0.89324888  1.55386439],[ 0.88200949  0.74639738],[ 0.88182516  0.85651979],[ 0.87802274  2.44079747],[ 0.86569264  0.96317463],[ 0.84633264  0.68419567],[ 0.82556321  2.83496541],[ 0.80999492  1.71562533],[ 0.79027563  1.08282172],[ 0.77709019  1.99202035],[ 0.70671083  2.78027568],[ 0.70235053  1.15263897],[ 0.68142797  1.692098  ],[ 0.6785447   2.07470567],[ 0.6578931   0.93677039],[ 0.64713751  1.18668013]
[ 0.93117722  2.21828824],[ 0.91558602  2.84086245],[ 0.88902584  0.62467062],[ 0.8641071   1.44918686],[ 0.86395302  2.11634649],[ 0.83352867  2.69687991],[ 0.83007107  0.88487428],[ 0.82993888  2.26078537],[ 0.81931515  1.07292407],[ 0.7783247   0.74552941],[ 0.75746522  0.69004148],[ 0.7558099   2.88495597],[ 0.75404336  2.67888419],[ 0.7426702   0.13403453],[ 0.71662403  1.33136973],[ 0.71008476  2.17728513],[ 0.68893055  0.91319813],[ 0.67854809  2.01899475],[ 0.67816692  2.75874962],[ 0.6654675   1.53512627]
[ 0.91558602  2.84086245],[ 0.9111854  1.8862708],[ 0.88972072  0.72119033],[ 0.88749554  0.97186613],[ 0.88200949  0.74639738],[ 0.86872678  0.7483351 ],[ 0.86651377  1.06219486],[ 0.86424247  1.43911427],[ 0.86177873  2.52852753],[ 0.85229568  2.66572499],[ 0.8510168   1.54725746],[ 0.81719243  0.11038815],[ 0.79877784  1.61611579],[ 0.7973905   0.46801456],[ 0.77749032  2.64043949],[ 0.76363083  0.70051987],[ 0.75521696  1.25091498],[ 0.75474322  1.31554474],[ 0.74224651  2.97478018],[ 0.73633483  1.97331503]
[ 0.91477628  1.91501592],[ 0.9111854  1.8862708],[ 0.90324039  0.49744988],[ 0.89089501  1.833803  ],[ 0.88543484  2.35117925],[ 0.88358854  0.59012761],[ 0.85593058  1.38471903],[ 0.84612076  2.3692002 ],[ 0.84511302  2.75996026],[ 0.82276543  2.05224588],[ 0.81931515  1.07292407],[ 0.79043613  1.28615228],[ 0.76748505  2.71639153],[ 0.74518923  1.96003613],[ 0.73763765  0.78206234],[ 0.72924021  1.29498487],[ 0.72413019  2.4015698 ],[ 0.7151813   1.42737337],[ 0.71483075  0.67810539],[ 0.70316093  1.10962287]
[ 0.93054611  0.74273994],[ 0.91477628  1.91501592],[ 0.90531009  0.54575689],[ 0.88033314  0.58978712],[ 0.87253129  1.40353674],[ 0.86872678  0.7483351 ],[ 0.86822019  2.30393402],[ 0.8669317   1.95083068],[ 0.86329571  2.70224422],[ 0.83811469  0.66077737],[ 0.83311066  1.41857336],[ 0.77117357  1.92672715],[ 0.74561111  1.92849844],[ 0.74349092  1.57406345],[ 0.73386231  0.84803763],[ 0.73360697  0.81173975],[ 0.73325315  1.93917738],[ 0.72774456  2.827046  ],[ 0.71008476  2.17728513],[ 0.70902677  1.27507046]
[ 0.89706124  2.31101049],[ 0.88358854  0.59012761],[ 0.8835869   0.84067737],[ 0.87216233  1.1097651 ],[ 0.8669317   1.95083068],[ 0.86394794  1.55330082],[ 0.85015923  0.84522383],[ 0.83600844  2.32744209],[ 0.83547949  0.08954267],[ 0.81914477  2.49015195],[ 0.81717824  1.1717691 ],[ 0.80960845  1.95659343],[ 0.7840703   2.38530062],[ 0.77918954  0.69911674],[ 0.77378689  0.55437046],[ 0.76660246  1.02255484],[ 0.75589415  1.3117289 ],[ 0.74887612  2.19456156],[ 0.73996805  2.47138743],[ 0.73740182  1.85476177]
[ 0.89809759  0.0757828 ],[ 0.88033314  0.58978712],[ 0.88003655  1.81840174],[ 0.86922636  0.88511258],[ 0.86030031  1.15419032],[ 0.85944863  2.72291921],[ 0.84753191  0.40625908],[ 0.84747027  2.11428633],[ 0.83600844  2.32744209],[ 0.82442362  0.40050254],[ 0.82442068  0.60401823],[ 0.81642775  2.06302897],[ 0.80530417  2.72952058],[ 0.80206213  1.56710425],[ 0.79908181  0.46211483],[ 0.77180916  2.34965699],[ 0.75631581  2.58283201],[ 0.75570489  1.35365282],[ 0.75123827  2.28008101],[ 0.74651682  0.82697794]
[ 0.93230991  2.1992849 ],[ 0.921021    0.54802447],[ 0.89381568  2.17777574],[ 0.89355747  1.90197412],[ 0.88983497  1.57666329],[ 0.88155235  0.7383868 ],[ 0.88003655  1.81840174],[ 0.8677279   2.64509516],[ 0.85242166  0.95233762],[ 0.84022279  2.04460027],[ 0.83423771  1.48181011],[ 0.83386238  1.8873957 ],[ 0.78752919  2.27678522],[ 0.77864058  0.98086268],[ 0.77750039  1.2701705 ],[ 0.77704455  1.65780602],[ 0.77378689  0.55437046],[ 0.76663279  1.60500024],[ 0.76533648  2.55911639],[ 0.76138325  0.82747685]
[ 0.93230991  2.1992849 ],[ 0.91932542  0.03793453],[ 0.91326436  0.46127414],[ 0.89054572  2.3288911 ],[ 0.8867339   1.97035531],[ 0.88090329  2.26619366],[ 0.8665122   1.34792305],[ 0.86475468  0.66334647],[ 0.84753191  0.40625908],[ 0.84445047  1.96755027],[ 0.84404922  1.24696337],[ 0.83419855  2.4876985 ],[ 0.82229031  0.65247121],[ 0.82208766  1.30547419],[ 0.80810157  1.35544608],[ 0.79348553  1.15325115],[ 0.78653096  1.80369982],[ 0.78103381  1.60465329],[ 0.76895395  0.35435136],[ 0.75819909  2.08117728]
[ 0.91770444  0.73461948],[ 0.88963601  1.95020226],[ 0.88825453  2.53208019],[ 0.88175075  1.89879157],[ 0.87732677  1.74589591],[ 0.87226193  2.08131346],[ 0.8665122   1.34792305],[ 0.86636362  1.60261566],[ 0.83583768  1.31402075],[ 0.83010445  0.79065644],[ 0.81823098  0.72498225],[ 0.81770125  2.25214401],[ 0.79154882  1.98720367],[ 0.78940836  0.8427337 ],[ 0.78668123  1.78731946],[ 0.77864058  0.98086268],[ 0.7718043   1.73335455],[ 0.75983965  1.72957339],[ 0.75541108  1.23402482],[ 0.75362478  0.71106737]
[ 0.91416254  1.937287  ],[ 0.90467788  2.44305508],[ 0.88982773  1.02743814],[ 0.87732677  1.74589591],[ 0.84478787  0.72534108],[ 0.84404922  1.24696337],[ 0.81655386  0.22925825],[ 0.80850278  2.69385247],[ 0.7898163  2.7896764],[ 0.75246648  0.96304852],[ 0.74029114  0.96312881],[ 0.73608472  2.69585794],[ 0.72374822  2.21711102],[ 0.72315486  2.38665624],[ 0.72137418  0.996767  ],[ 0.7050451   1.23982309],[ 0.7030961   1.54649557],[ 0.70307296  1.57963961],[ 0.70022989  2.28371869],[ 0.69562557  0.85201322]
[ 0.91770444  0.73461948],[ 0.91518956  1.52112876],[ 0.90467788  2.44305508],[ 0.83672828  1.53725117],[ 0.81993388  1.77634385],[ 0.81320559  1.57098243],[ 0.81220495  1.26488283],[ 0.80588653  2.2227302 ],[ 0.79636398  0.348849  ],[ 0.79495475  2.51830251],[ 0.7882969   0.99535333],[ 0.78653096  1.80369982],[ 0.77596709  2.23216618],[ 0.73923116  1.78452158],[ 0.72908164  2.24523238],[ 0.72670234  1.54414579],[ 0.67686065  2.21083661],[ 0.65718889  2.04443004],[ 0.64743888  2.01733141],[ 0.63757565  0.39992978]
[ 0.91518956  1.52112876],[ 0.90475409  2.35609889],[ 0.89908356  0.56484116],[ 0.84431444  2.37120706],[ 0.83010445  0.79065644],[ 0.82733015  1.53989437],[ 0.81244388  1.52435693],[ 0.81041418  2.25503122],[ 0.7648317   2.32576146],[ 0.76431086  2.50427295],[ 0.75901466  0.67124244],[ 0.74029114  0.96312881],[ 0.73969094  1.0138659 ],[ 0.73956561  1.3798971 ],[ 0.72177691  2.08689926],[ 0.71252924  2.50410248],[ 0.7084663   1.04971024],[ 0.7051509   0.96038483],[ 0.67074218  1.71606854],[ 0.65386847  2.40904984]
[ 0.91774683  1.22369397],[ 0.90659258  2.14795727],[ 0.86636362  1.60261566],[ 0.84880177  2.05565475],[ 0.83622422  1.94752295],[ 0.83254878  1.04001822],[ 0.8144596  2.487452 ],[ 0.81320559  1.57098243],[ 0.81244388  1.52435693],[ 0.80886961  1.77115954],[ 0.80819819  1.08581134],[ 0.80189558  1.17339298],[ 0.80162498  1.12857878],[ 0.77570345  1.03194566],[ 0.77112889  1.869684  ],[ 0.76449061  2.12823976],[ 0.75796161  0.68878826],[ 0.75275939  2.47938023],[ 0.74018734  2.10880622],[ 0.73518022  0.92598443]
[ 0.92746349  2.1617073 ],[ 0.91774683  1.22369397],[ 0.84386481  1.55775688],[ 0.83812895  1.93490419],[ 0.82733015  1.53989437],[ 0.80464796  2.40037161],[ 0.79636398  0.348849  ],[ 0.78940836  0.8427337 ],[ 0.78875366  1.12656358],[ 0.78356934  2.90453056],[ 0.78099078  2.65837217],[ 0.74295381  2.55963756],[ 0.732435   1.5824991],[ 0.72253018  0.98253309],[ 0.71505528  0.81332791],[ 0.7127677   2.37580713],[ 0.71047495  0.25035607],[ 0.7024704   1.76132052],[ 0.69801888  2.27209503],[ 0.67052986  1.7697134 ]
[ 0.93656159  1.57620308],[ 0.92746349  2.1617073 ],[ 0.91559549  0.52609502],[ 0.88297745  2.17169567],[ 0.87970019  2.14848725],[ 0.83622422  1.94752295],[ 0.83439492  1.74547899],[ 0.83142481  1.4208629 ],[ 0.82710646  0.16377322],[ 0.79063439  1.21418405],[ 0.7883326   1.05548787],[ 0.77627086  2.04143381],[ 0.77009551  0.76867284],[ 0.75901466  0.67124244],[ 0.75330751  1.58390294],[ 0.74940059  2.58820036],[ 0.72196217  2.03505371],[ 0.72134735  1.30312729],[ 0.70956474  1.6870442 ],[ 0.68670234  2.03179188]
[ 0.95735337  2.10277336],[ 0.93656159  1.57620308],[ 0.92162936  1.47848668],[ 0.91581191  2.36129903],[ 0.91556051  1.84652065],[ 0.85766791  1.12840628],[ 0.83812895  1.93490419],[ 0.80498296  1.41797845],[ 0.79618118  1.36377213],[ 0.78472045  1.7775659 ],[ 0.73906013  1.10459585],[ 0.73856015  1.75751875],[ 0.73835596  1.67185771],[ 0.73063092  0.71204941],[ 0.70127382  1.11212317],[ 0.64800023  1.73932879],[ 0.636763    0.71524583],[ 0.61706845  1.4432232 ],[ 0.61674143  1.58105715],[ 0.61323924  2.6918526 ]
[ 0.95735337  2.10277336],[ 0.93289471  1.5075641 ],[ 0.90470469  1.73979761],[ 0.88297745  2.17169567],[ 0.87558905  1.65462667],[ 0.8583713   1.79164268],[ 0.84386481  1.55775688],[ 0.81291679  0.27684445],[ 0.81016456  1.18839455],[ 0.76449061  2.12823976],[ 0.72245489  1.0093165 ],[ 0.71445186  1.74255975],[ 0.68715002  2.08180478],[ 0.67429105  1.01595324],[ 0.67259756  2.2281903 ],[ 0.67175357  1.17578245],[ 0.62861455  0.8491606 ],[ 0.62784365  2.0618982 ],[ 0.60013207  1.79642198],[ 0.59833965  1.57681585]
[ 0.93289471  1.5075641 ],[ 0.92678136  2.38789657],[ 0.89953385  1.7859633 ],[ 0.85766791  1.12840628],[ 0.84216119  2.44720897],[ 0.82446777  1.16764646],[ 0.82049018  0.49836294],[ 0.81758293  1.62380081],[ 0.78907437  2.58307963],[ 0.76845526  0.81865653],[ 0.74940059  2.58820036],[ 0.72253018  0.98253309],[ 0.71354352  0.64072283],[ 0.70946235  1.46884979],[ 0.69610786  1.45942736],[ 0.66889062  1.23527875],[ 0.66554667  2.7052786 ],[ 0.65802287  1.98889159],[ 0.64949096  1.03216197],[ 0.60867101  1.50803886]
[ 0.94258677  2.28087917],[ 0.93060555  0.50999684],[ 0.92678136  2.38789657],[ 0.89497494  2.47748039],[ 0.87558905  1.65462667],[ 0.86365754  2.09156933],[ 0.84880177  2.05565475],[ 0.84779352  0.44182224],[ 0.81999348  0.55638571],[ 0.81357465  2.21993191],[ 0.81245304  2.72593128],[ 0.80055731  0.25151115],[ 0.79618118  1.36377213],[ 0.78356934  2.90453056],[ 0.77603857  0.86162475],[ 0.77009551  0.76867284],[ 0.74981638  2.88405463],[ 0.7446178   2.37427631],[ 0.74436115  0.92921836],[ 0.73118438  2.06071728]
[ 0.94258677  2.28087917],[ 0.92371883  1.84313942],[ 0.90620968  1.26227081],[ 0.8986637   1.47949732],[ 0.87533979  2.83671011],[ 0.87427539  0.39886863],[ 0.86184597  1.42180671],[ 0.8555143   2.05827239],[ 0.82049018  0.49836294],[ 0.80162498  1.12857878],[ 0.80009822  1.93463391],[ 0.77085004  1.43998042],[ 0.76545534  0.71827286],[ 0.75033544  1.50616448],[ 0.72245489  1.0093165 ],[ 0.71077255  2.04955507],[ 0.71052325  1.84517569],[ 0.6925602   1.39422164],[ 0.69214282  0.87705836],[ 0.69120693  1.59285838]
[ 0.92371883  1.84313942],[ 0.92244125  0.99603892],[ 0.91696776  1.768378  ],[ 0.87475123  2.95260996],[ 0.87296279  2.61773391],[ 0.86238081  2.35230412],[ 0.85648283  1.5190264 ],[ 0.8522546   2.03661114],[ 0.84779352  0.44182224],[ 0.83992665  2.76370588],[ 0.83576973  0.62022879],[ 0.82520961  1.23593583],[ 0.8224527   0.58345678],[ 0.81999126  2.05180716],[ 0.79297039  2.29103126],[ 0.77155162  1.16854937],[ 0.7712593   0.85144658],[ 0.77112889  1.869684  ],[ 0.76054301  1.31071898],[ 0.75532924  1.24583781]
[ 0.91696776  1.768378  ],[ 0.91022043  0.82870828],[ 0.90807239  2.51296623],[ 0.89510674  1.26581501],[ 0.89282959  1.66953075],[ 0.88025255  1.53852805],[ 0.87864725  1.77568606],[ 0.87427539  0.39886863],[ 0.85591653  0.77724127],[ 0.83836802  2.64003878],[ 0.76365853  2.53971961],[ 0.75500453  2.51269767],[ 0.74698741  1.40943476],[ 0.74247719  2.16953205],[ 0.74223617  1.20891121],[ 0.72966116  2.61406768],[ 0.72254942  2.1899247 ],[ 0.72185739  2.05072026],[ 0.71264179  1.01826451],[ 0.70921078  1.18251271]
[ 0.91045239  1.91387898],[ 0.89323953  0.79652139],[ 0.89230188  0.99930925],[ 0.88398178  1.32928332],[ 0.87864725  1.77568606],[ 0.8522546   2.03661114],[ 0.84981656  1.19035553],[ 0.84230449  2.55289824],[ 0.83699971  1.57378418],[ 0.82930554  0.61025651],[ 0.82918736  1.45327138],[ 0.82545812  1.92913945],[ 0.81979597  1.83376741],[ 0.80983461  0.60406388],[ 0.80786741  0.59005595],[ 0.80271677  0.69882716],[ 0.80139311  0.40203056],[ 0.77509383  2.42283989],[ 0.75545271  1.47958914],[ 0.74890903  1.46022503]
[ 0.93826169  1.69661546],[ 0.91045239  1.91387898],[ 0.90980822  1.11735905],[ 0.90807239  2.51296623],[ 0.89830659  0.50899585],[ 0.87560484  2.75363849],[ 0.87460864  1.02267601],[ 0.8674347   1.31008104],[ 0.79460731  2.09814017],[ 0.79216262  2.15354916],[ 0.7793402   2.82157358],[ 0.7712593   0.85144658],[ 0.76742589  1.13402418],[ 0.75596969  0.49592398],[ 0.74856889  2.21068658],[ 0.71453652  2.3164734 ],[ 0.70931517  0.14791715],[ 0.70637963  1.66438558],[ 0.69754366  0.48091376],[ 0.67316931  2.52194751]
[ 0.93826169  1.69661546],[ 0.91050215  1.57923364],[ 0.91022043  0.82870828],[ 0.88734936  0.82158546],[ 0.88284332  1.22294339],[ 0.85877635  2.66735459],[ 0.84944722  0.45705015],[ 0.84299245  0.82631105],[ 0.84230449  2.55289824],[ 0.81037038  1.79564627],[ 0.77859735  2.08683131],[ 0.77155162  1.16854937],[ 0.75646977  2.15087721],[ 0.73618669  0.46538273],[ 0.72257169  2.38972576],[ 0.71414447  2.43662544],[ 0.71320073  0.87274761],[ 0.71255511  2.42415346],[ 0.70464877  1.80909536],[ 0.69305185  2.03677659]
[ 0.91050215  1.57923364],[ 0.89340692  1.75873865],[ 0.89230188  0.99930925],[ 0.88155235  0.7383868 ],[ 0.8792451   0.62715517],[ 0.87560484  2.75363849],[ 0.87328896  1.83402661],[ 0.87065057  1.15065599],[ 0.86459556  0.48767979],[ 0.85927875  2.30651853],[ 0.85591653  0.77724127],[ 0.84333781  1.95919406],[ 0.83346142  2.76114133],[ 0.81999126  2.05180716],[ 0.78584008  1.14929627],[ 0.7731427   1.12687592],[ 0.75489038  0.66395433],[ 0.7351672   0.65952314],[ 0.73096683  2.33437013],[ 0.72947682  0.63347959]
[ 0.93082011  1.62632558],[ 0.90980822  1.11735905],[ 0.89692298  1.13203127],[ 0.89340692  1.75873865],[ 0.89323953  0.79652139],[ 0.88932787  2.7950345 ],[ 0.87515979  0.89577863],[ 0.85877635  2.66735459],[ 0.85269218  0.64229342],[ 0.85131972  1.9400985 ],[ 0.80085831  1.31894707],[ 0.78021215  0.3870009 ],[ 0.77662194  2.70336576],[ 0.7659219  2.4077417],[ 0.75658294  1.94521859],[ 0.75500453  2.51269767],[ 0.74887612  2.19456156],[ 0.74812664  2.24252842],[ 0.72059179  1.76683535],[ 0.71897505  1.56172584]
[ 0.93082011  1.62632558],[ 0.92434694  1.67410199],[ 0.89830659  0.50899585],[ 0.88703969  0.98722396],[ 0.88284332  1.22294339],[ 0.84302756  0.97244117],[ 0.83346142  2.76114133],[ 0.82270209  2.67889528],[ 0.77509383  2.42283989],[ 0.77164093  1.32416191],[ 0.74425911  1.20975919],[ 0.73779849  0.81640499],[ 0.73633399  1.79011699],[ 0.73607786  1.97210366],[ 0.72185739  2.05072026],[ 0.71383958  2.07570667],[ 0.70916387  1.37385753],[ 0.69843871  1.76023103],[ 0.66486658  0.64698356],[ 0.64476765  1.62509103]
[ 0.92434694  1.67410199],[ 0.92376655  0.73254254],[ 0.90423488  1.76303888],[ 0.89181528  1.27367686],[ 0.88932787  2.7950345 ],[ 0.87395255  2.61184248],[ 0.87223747  0.92109062],[ 0.87065057  1.15065599],[ 0.84944722  0.45705015],[ 0.83759567  0.3113183 ],[ 0.83713885  2.14765238],[ 0.80847332  1.95005587],[ 0.7953506   0.38546784],[ 0.79355099  0.62383053],[ 0.79216262  2.15354916],[ 0.75529574  1.38091734],[ 0.74432763  2.4448768 ],[ 0.72225802  2.1498026 ],[ 0.71933917  0.31960899],[ 0.70696177  0.8522085 ]
[ 0.90423488  1.76303888],[ 0.89820211  2.2997402 ],[ 0.89692298  1.13203127],[ 0.8792451   0.62715517],[ 0.87216233  1.1097651 ],[ 0.85242166  0.95233762],[ 0.85167691  1.68936119],[ 0.82270209  2.67889528],[ 0.81973937  0.95044039],[ 0.81884366  1.47270264],[ 0.81249831  1.76586832],[ 0.80582675  2.30621835],[ 0.80139311  0.40203056],[ 0.79814681  1.78900356],[ 0.78633477  1.18251355],[ 0.78547379  1.99953698],[ 0.77601452  2.39309796],[ 0.76756163  0.40496028],[ 0.75646977  2.15087721],[ 0.75570489  1.35365282]
[ 0.91269035  1.88221792],[ 0.88703969  0.98722396],[ 0.87592565  2.72729465],[ 0.87395255  2.61184248],[ 0.8669159   2.29254933],[ 0.85269218  0.64229342],[ 0.85059588  0.85709647],[ 0.81947343  1.81820958],[ 0.81249831  1.76586832],[ 0.77166765  2.14797185],[ 0.69754366  0.48091376],[ 0.67784107  2.38391408],[ 0.67385491  2.81585762],[ 0.67034784  2.16284581],[ 0.65774425  0.78403912],[ 0.65361395  1.09258277],[ 0.62645593  2.40482294],[ 0.61982326  0.66098508],[ 0.61437654  1.43674285],[ 0.60276077  2.05195044]
[ 0.93837848  1.424271  ],[ 0.92376655  0.73254254],[ 0.91269035  1.88221792],[ 0.89114673  0.97343871],[ 0.84302756  0.97244117],[ 0.83927106  1.67032205],[ 0.80582675  2.30621835],[ 0.7659219  2.4077417],[ 0.76532704  2.0412343 ],[ 0.75911891  0.41435145],[ 0.75394696  0.61569405],[ 0.74451349  0.65762433],[ 0.72338167  2.59598759],[ 0.71790591  0.93363216],[ 0.67695092  1.80687253],[ 0.66398721  0.28286885],[ 0.63781881  1.5840106 ],[ 0.62767626  1.90074672],[ 0.61651034  1.42341508],[ 0.59546032  2.62118233]
[ 0.93837848  1.424271  ],[ 0.9020462   1.58803178],[ 0.89252842  1.2202908 ],[ 0.89181528  1.27367686],[ 0.87308321  2.63805262],[ 0.87022072  1.8357183 ],[ 0.84972614  1.01111115],[ 0.81973937  0.95044039],[ 0.81947343  1.81820958],[ 0.80127694  1.26364677],[ 0.75115052  1.22055536],[ 0.74560241  2.18227104],[ 0.73607786  1.97210366],[ 0.72709846  1.30120513],[ 0.72331544  0.73033644],[ 0.70244227  1.33408765],[ 0.70184379  1.52238745],[ 0.6830087   2.46701826],[ 0.6761365   0.61468004],[ 0.66961631  0.90457287]
[ 0.93912507  1.94308357],[ 0.90519394  0.62163359],[ 0.9020462   1.58803178],[ 0.89114673  0.97343871],[ 0.87592565  2.72729465],[ 0.79814681  1.78900356],[ 0.79797485  2.80653287],[ 0.7953506   0.38546784],[ 0.77918954  0.69911674],[ 0.74536526  1.0161716 ],[ 0.73155557  1.31341289],[ 0.70801442  2.88649482],[ 0.70212023  0.69577746],[ 0.69843871  1.76023103],[ 0.67282548  1.20141234],[ 0.66266175  0.55283475],[ 0.63343135  1.53965312],[ 0.62786119  2.46427827],[ 0.62671034  1.13890993],[ 0.62382681  1.69668565]
[ 0.93912507  1.94308357],[ 0.90601502  1.9720559 ],[ 0.89820211  2.2997402 ],[ 0.89706124  2.31101049],[ 0.87308321  2.63805262],[ 0.85059588  0.85709647],[ 0.83927106  1.67032205],[ 0.83713885  2.14765238],[ 0.83445276  1.48860395],[ 0.82531242  2.17877432],[ 0.82244697  1.50594439],[ 0.80412222  2.28919587],[ 0.80085831  1.31894707],[ 0.76748505  2.71639153],[ 0.75275813  2.26393101],[ 0.73779849  0.81640499],[ 0.71220493  1.52382213],[ 0.7029086  2.6791707],[ 0.69992708  1.95281655],[ 0.69714696  0.24672683]
[ 0.90687363  1.63004968],[ 0.90601502  1.9720559 ],[ 0.90519394  0.62163359],[ 0.8669159   2.29254933],[ 0.84390331  1.76767784],[ 0.81717824  1.1717691 ],[ 0.81608781  2.25871703],[ 0.78547379  1.99953698],[ 0.77662194  2.70336576],[ 0.77576833  1.90643934],[ 0.75911891  0.41435145],[ 0.72709846  1.30120513],[ 0.72108046  1.43889654],[ 0.7203919   0.91782158],[ 0.71933917  0.31960899],[ 0.71702601  2.7757278 ],[ 0.7151813   1.42737337],[ 0.70916387  1.37385753],[ 0.64441532  2.05337078],[ 0.63952663  0.75390127]
[ 0.94084542  1.35422697],[ 0.90687363  1.63004968],[ 0.88308941  2.07565005],[ 0.87189135  1.15120161],[ 0.85300205  2.09685551],[ 0.85131972  1.9400985 ],[ 0.85015923  0.84522383],[ 0.83445276  1.48860395],[ 0.82930497  0.64043392],[ 0.82481148  1.1771038 ],[ 0.81884366  1.47270264],[ 0.81430991  0.77463765],[ 0.80178901  1.36399615],[ 0.78814504  2.45074556],[ 0.77166765  2.14797185],[ 0.74890903  1.46022503],[ 0.74536526  1.0161716 ],[ 0.73836144  1.63432338],[ 0.73710577  1.55638916],[ 0.72924021  1.29498487]
[ 0.94676787  1.45598531],[ 0.94084542  1.35422697],[ 0.9285201   2.84589208],[ 0.91883315  2.11214597],[ 0.91508374  2.15936976],[ 0.88200993  0.53237856],[ 0.88056424  1.56410057],[ 0.85367783  2.3212268 ],[ 0.84390331  1.76767784],[ 0.81508204  1.13265529],[ 0.79539756  0.40914176],[ 0.76355132  0.75896556],[ 0.75499539  2.09030003],[ 0.73199923  2.03394136],[ 0.73158164  2.12253965],[ 0.72824001  1.9585077 ],[ 0.71897505  1.56172584],[ 0.71111507  1.96204188],[ 0.71078136  0.92440338],[ 0.69714696  0.24672683]
[ 0.94676787  1.45598531],[ 0.92749119  1.98815695],[ 0.91457341  2.44550466],[ 0.8664121   0.59022154],[ 0.84813911  1.72865997],[ 0.84164976  1.05549311],[ 0.82481148  1.1771038 ],[ 0.80146273  2.2041582 ],[ 0.73634267  1.16909979],[ 0.72218926  1.83526613],[ 0.71909616  0.74495037],[ 0.71702601  2.7757278 ],[ 0.70694207  0.98057545],[ 0.69274616  1.2877255 ],[ 0.6895479   1.28982027],[ 0.65734095  2.35870122],[ 0.60548934  2.36614043],[ 0.59570988  0.76520711],[ 0.58934445  1.62492369],[ 0.58694877  0.98705232]
[ 0.92749119  1.98815695],[ 0.90324567  0.79329114],[ 0.89147841  1.69607683],[ 0.88710491  1.99384675],[ 0.88514519  2.50458894],[ 0.88200993  0.53237856],[ 0.86636263  2.30070651],[ 0.80493103  2.39632257],[ 0.77753959  1.79965473],[ 0.76012748  1.89186774],[ 0.75032602  0.80022315],[ 0.73710577  1.55638916],[ 0.71830693  2.706383  ],[ 0.71755076  0.40985375],[ 0.69945406  0.84218556],[ 0.67756922  2.07197529],[ 0.67449653  1.10831272],[ 0.66633924  0.82287458],[ 0.65549241  2.60724225],[ 0.65251619  2.29970264]
[ 0.92027271  2.3186275 ],[ 0.89832568  1.60497836],[ 0.88726557  1.7766173 ],[ 0.88710491  1.99384675],[ 0.88293738  0.73288651],[ 0.88056424  1.56410057],[ 0.8664121   0.59022154],[ 0.86238942  1.11567404],[ 0.84934512  1.98019294],[ 0.82930497  0.64043392],[ 0.80503032  1.03731538],[ 0.78002349  1.06323638],[ 0.77710874  1.20585132],[ 0.77212149  1.75839547],[ 0.74939109  2.55902863],[ 0.74545485  1.6464147 ],[ 0.74306313  2.37996237],[ 0.73674048  0.75997182],[ 0.73147432  0.8477805 ],[ 0.72083142  1.18168656]
[ 0.9194144   1.31607237],[ 0.9061927   0.71377493],[ 0.89832568  1.60497836],[ 0.89434337  1.66471768],[ 0.87727596  0.84126479],[ 0.8691844   0.46375465],[ 0.86636263  2.30070651],[ 0.86042056  2.1665242 ],[ 0.85845047  1.33439913],[ 0.84950237  1.02021848],[ 0.8390614   2.90863772],[ 0.80234767  1.51915956],[ 0.77386103  2.02995867],[ 0.77200513  1.88339697],[ 0.76804422  0.75485195],[ 0.75499539  2.09030003],[ 0.74361551  1.42726736],[ 0.73644306  1.76197638],[ 0.73634267  1.16909979],[ 0.72643974  1.19991084]
[ 0.9194144   1.31607237],[ 0.89431692  2.55947004],[ 0.87334234  1.58775266],[ 0.86629069  2.15344237],[ 0.86548231  1.3077971 ],[ 0.86531766  0.36293956],[ 0.85883061  1.56575701],[ 0.85537929  1.19159851],[ 0.85508669  0.60357658],[ 0.80998493  1.34518012],[ 0.80866157  0.28739381],[ 0.80147584  2.6388774 ],[ 0.79098325  0.75313649],[ 0.77265308  2.64553003],[ 0.76570699  2.24362124],[ 0.75778762  2.11516743],[ 0.75358634  2.80576624],[ 0.74545485  1.6464147 ],[ 0.73239105  0.23364099],[ 0.72864353  2.92109794]
[ 0.91416067  1.51272728],[ 0.91077589  2.40921251],[ 0.88843954  0.85480114],[ 0.87186461  0.40654406],[ 0.87079311  0.8871338 ],[ 0.86708439  2.56884519],[ 0.86629069  2.15344237],[ 0.86485838  2.51888101],[ 0.85034549  0.99114203],[ 0.84950237  1.02021848],[ 0.84673584  1.21341315],[ 0.83236057  1.015467  ],[ 0.8183855   0.97107887],[ 0.81644564  2.35396764],[ 0.81062742  2.74295261],[ 0.80786741  0.59005595],[ 0.80503032  1.03731538],[ 0.78335044  0.86892423],[ 0.78119451  1.35493505],[ 0.77309236  1.89416239]
[ 0.91363278  1.76454606],[ 0.91077589  2.40921251],[ 0.9084229   0.39021255],[ 0.90712138  1.98969724],[ 0.89327472  1.2003555 ],[ 0.88856458  0.33959953],[ 0.88356791  2.52191795],[ 0.86531766  0.36293956],[ 0.85888134  2.75989577],[ 0.85486885  2.08615366],[ 0.85229126  1.55025902],[ 0.84564321  2.61247057],[ 0.8399653   1.43531631],[ 0.82516823  1.23272147],[ 0.80252436  1.38541674],[ 0.79217313  1.39699459],[ 0.78480879  0.05666188],[ 0.77293877  2.80216691],[ 0.77226632  2.65173757],[ 0.75596071  0.72826461]
[ 0.93603974  2.13927651],[ 0.91363278  1.76454606],[ 0.89535975  2.38137609],[ 0.89424368  1.84462065],[ 0.86623443  1.67812238],[ 0.86393752  2.75141646],[ 0.86340835  2.03812092],[ 0.85656869  1.08656585],[ 0.84190558  2.21474681],[ 0.83966599  1.73045224],[ 0.82840265  0.96259981],[ 0.824372    1.10462334],[ 0.81687146  2.03192076],[ 0.81604315  2.14320166],[ 0.79297039  2.29103126],[ 0.79198918  1.98174121],[ 0.7843327   0.71669728],[ 0.78335044  0.86892423],[ 0.78037088  0.91676313],[ 0.77623633  1.1597832 ]
[ 0.94180852  1.81470065],[ 0.93603974  2.13927651],[ 0.93271642  0.2431609 ],[ 0.90037827  0.79451651],[ 0.89409539  2.55430043],[ 0.89327472  1.2003555 ],[ 0.89238655  2.83473939],[ 0.85991647  1.3480088 ],[ 0.8579236   1.48180132],[ 0.85625157  1.31949336],[ 0.85288388  0.60028315],[ 0.83207862  0.32631734],[ 0.81242229  0.68396836],[ 0.80000949  1.09688175],[ 0.79403958  0.77851444],[ 0.78610087  2.98866352],[ 0.76445342  1.46042157],[ 0.76239343  0.95320475],[ 0.75861229  1.31919935],[ 0.75415903  2.09000435]
[ 0.94180852  1.81470065],[ 0.92290986  0.74063858],[ 0.89853303  2.14738097],[ 0.87857225  2.87113014],[ 0.870289    2.62036299],[ 0.87024828  1.8916268 ],[ 0.86738398  1.62711395],[ 0.86283726  0.802285  ],[ 0.85651472  2.55858253],[ 0.84924265  0.63570212],[ 0.84668076  1.92151507],[ 0.8398803   2.06855563],[ 0.82780771  1.20855157],[ 0.824372    1.10462334],[ 0.82155164  2.82881127],[ 0.81692281  2.28697237],[ 0.81326295  2.21202496],[ 0.8040212   2.49737556],[ 0.77524052  0.43996768],[ 0.77508544  1.02957097]
[ 0.94077109  2.53322018],[ 0.90896205  0.9300678 ],[ 0.90161648  1.02765699],[ 0.89853303  2.14738097],[ 0.89428788  2.64958839],[ 0.88137791  2.66187122],[ 0.85887417  0.77213464],[ 0.85288388  0.60028315],[ 0.83445312  0.72616964],[ 0.82036064  2.682719  ],[ 0.81876308  0.60782401],[ 0.79912415  1.9127889 ],[ 0.79795023  1.6064699 ],[ 0.78517948  0.4398168 ],[ 0.78428297  2.28289542],[ 0.75522553  2.6385849 ],[ 0.74780176  0.22942028],[ 0.74387747  0.18412885],[ 0.73838663  1.46854636],[ 0.72640449  1.6552884 ]
[ 0.94077109  2.53322018],[ 0.93986862  0.82147027],[ 0.91514629  2.52173098],[ 0.90037107  1.05112405],[ 0.8980202  2.1023769],[ 0.89450144  2.42901412],[ 0.89033908  0.94367701],[ 0.88137195  2.1890772 ],[ 0.86447118  2.55965101],[ 0.86358802  2.34207278],[ 0.85434208  2.63096176],[ 0.84924265  0.63570212],[ 0.83972681  2.76002844],[ 0.8217052   0.37315065],[ 0.78532088  0.84473708],[ 0.78066758  1.04435513],[ 0.77203594  0.74156765],[ 0.75019239  1.42906311],[ 0.7489212   0.31356823],[ 0.74557329  2.62563321]
[ 0.92807086  1.73258649],[ 0.90635517  2.57351728],[ 0.8980202  2.1023769],[ 0.88384376  0.73512477],[ 0.88372311  0.99265254],[ 0.85476433  1.78584011],[ 0.85129681  1.61152723],[ 0.7907158   2.64168974],[ 0.78517948  0.4398168 ],[ 0.78185856  3.02488648],[ 0.75672887  2.37797118],[ 0.75214879  1.80439515],[ 0.74393728  0.65369727],[ 0.74193939  1.08349246],[ 0.72845609  1.1363123 ],[ 0.70526744  1.88774392],[ 0.69193105  0.59879489],[ 0.67909038  1.96523295],[ 0.67634064  0.66790049],[ 0.65693798  1.38895338]
[ 0.92807086  1.73258649],[ 0.90661443  1.27501347],[ 0.90112409  2.46829007],[ 0.89827761  2.88132027],[ 0.83726339  2.1912316 ],[ 0.8217052   0.37315065],[ 0.81334115  1.74858854],[ 0.80121146  2.39131137],[ 0.77774926  1.05918308],[ 0.77509504  1.13166187],[ 0.76914941  2.10071626],[ 0.73579783  0.3329943 ],[ 0.7290015   1.12377375],[ 0.72871497  2.85532514],[ 0.7165719   1.55753058],[ 0.70785441  1.41183568],[ 0.69674856  0.97353149],[ 0.69209468  2.38715748],[ 0.66580963  2.50904192],[ 0.66315712  2.16012707]
[ 0.94846418  2.40140487],[ 0.92249274  0.73928968],[ 0.90112409  2.46829007],[ 0.89833369  1.35284267],[ 0.88887669  1.07167993],[ 0.88872052  1.28518597],[ 0.88137195  2.1890772 ],[ 0.87732558  2.74770369],[ 0.87406845  2.54788547],[ 0.86940169  2.01737212],[ 0.86258664  1.24823542],[ 0.85967124  0.8812712 ],[ 0.85476433  1.78584011],[ 0.83584552  1.41740362],[ 0.8137231   1.82669604],[ 0.81266902  1.49029265],[ 0.75838019  0.56835062],[ 0.75740385  0.80100356],[ 0.74443014  1.70598468],[ 0.7417519  0.8442589]
[ 0.94846418  2.40140487],[ 0.94376031  2.78024972],[ 0.92553539  0.43596554],[ 0.91859954  2.01211595],[ 0.91190877  0.73999156],[ 0.8707982   1.72467476],[ 0.86816302  1.37506635],[ 0.85558143  1.8641495 ],[ 0.85137771  2.06446577],[ 0.82228376  0.84129261],[ 0.81185742  0.69945029],[ 0.78868729  2.57325056],[ 0.7873558   0.71142238],[ 0.78066758  1.04435513],[ 0.77774926  1.05918308],[ 0.76984343  1.15215785],[ 0.74587938  1.66978198],[ 0.74352333  1.0269404 ],[ 0.74149008  0.76401615],[ 0.72773359  2.36432147]
[ 0.94944028  2.50389731],[ 0.94646477  0.7751678 ],[ 0.94376031  2.78024972],[ 0.90528452  2.08085273],[ 0.90302446  2.64940459],[ 0.88478263  0.72931517],[ 0.88039879  2.42171016],[ 0.85967124  0.8812712 ],[ 0.8595227   2.56478889],[ 0.85855593  0.96801338],[ 0.85331314  0.17827393],[ 0.80123795  1.77724909],[ 0.77451185  0.57047594],[ 0.7594891   2.27538807],[ 0.75863768  0.82859595],[ 0.75746648  1.16039096],[ 0.75206194  2.02587777],[ 0.74673592  2.74541098],[ 0.74492232  1.41367608],[ 0.74456903  2.05394407]
[ 0.94944028  2.50389731],[ 0.94184721  2.56326325],[ 0.94035044  1.39472097],[ 0.90073918  1.02636872],[ 0.89294569  2.5627064 ],[ 0.89192064  1.68030573],[ 0.88461995  2.28113922],[ 0.87205349  2.61687068],[ 0.84915601  2.92476174],[ 0.8280932   0.44438676],[ 0.82228376  0.84129261],[ 0.80987044  0.85021703],[ 0.784287   1.2767961],[ 0.77508544  1.02957097],[ 0.75899567  2.09086866],[ 0.72841752  0.84617997],[ 0.71974235  2.68495287],[ 0.71888374  1.62692192],[ 0.71747449  0.36227851],[ 0.7169789   1.14176133]
[ 0.94184721  2.56326325],[ 0.9347569   1.01710533],[ 0.92709628  2.16801063],[ 0.91564042  1.87544707],[ 0.90394552  2.52384549],[ 0.87557783  0.42350983],[ 0.870289    2.62036299],[ 0.86957586  2.18713864],[ 0.8654625  0.5786936],[ 0.86071977  2.47657798],[ 0.85721342  0.8245678 ],[ 0.85331314  0.17827393],[ 0.83212484  0.92239568],[ 0.82954433  1.13730239],[ 0.82184221  1.64339035],[ 0.79794058  0.80888211],[ 0.77806719  1.92964687],[ 0.77267396  2.66327369],[ 0.76239343  0.95320475],[ 0.75512587  0.53442987]
[ 0.92770065  2.47645097],[ 0.92709628  2.16801063],[ 0.9192754  1.7565462],[ 0.90807576  2.28809165],[ 0.9027093   0.96907273],[ 0.88074757  2.21313002],[ 0.87254222  2.8779377 ],[ 0.86537066  0.86130395],[ 0.84368429  0.47236582],[ 0.83745041  2.9278268 ],[ 0.8280932   0.44438676],[ 0.81252403  0.66582853],[ 0.7634942   2.74091357],[ 0.75304929  0.24380124],[ 0.75027146  1.18630349],[ 0.74235283  1.83877292],[ 0.73856015  1.75751875],[ 0.7366416   2.13250538],[ 0.73569397  1.30860591],[ 0.72109223  1.94372903]
[ 0.93122423  2.02620245],[ 0.92770065  2.47645097],[ 0.92566227  0.44634707],[ 0.9071162   1.53314537],[ 0.88800446  2.94431815],[ 0.87569935  2.73188596],[ 0.87557783  0.42350983],[ 0.86830801  0.60670111],[ 0.85467872  0.74634172],[ 0.84805473  2.74755927],[ 0.84658928  1.14168779],[ 0.84190558  2.21474681],[ 0.83987625  1.21959922],[ 0.83314657  1.91650365],[ 0.81242229  0.68396836],[ 0.81226371  2.33245206],[ 0.8040212   2.49737556],[ 0.79488709  2.1537839 ],[ 0.79068222  0.18923984],[ 0.78805118  0.63732912]
[ 0.93122423  2.02620245],[ 0.92934961  2.23304232],[ 0.92195614  2.238266  ],[ 0.91105967  1.31221144],[ 0.91058628  0.9756185 ],[ 0.86210511  1.0211919 ],[ 0.85198416  2.67954347],[ 0.84651032  2.40653232],[ 0.84486271  2.82752838],[ 0.84368429  0.47236582],[ 0.81732658  1.89842516],[ 0.80188962  0.31395003],[ 0.79701977  1.90124571],[ 0.79376528  0.42624693],[ 0.77623633  1.1597832 ],[ 0.77453264  0.40485104],[ 0.76845526  0.81865653],[ 0.75353469  1.63131378],[ 0.74981638  2.88405463],[ 0.73835596  1.67185771]
[ 0.93102204  0.53602237],[ 0.92934961  2.23304232],[ 0.90434055  2.75164783],[ 0.88216201  2.4997526 ],[ 0.869054    1.81215056],[ 0.86830801  0.60670111],[ 0.867481    2.35619658],[ 0.86393752  2.75141646],[ 0.86348289  1.01302752],[ 0.84600636  1.17383945],[ 0.83758347  2.42988065],[ 0.82701812  0.56582753],[ 0.82691197  1.41099752],[ 0.82524206  0.71963601],[ 0.8250274   2.06234978],[ 0.81407435  1.2844184 ],[ 0.80706244  2.94230987],[ 0.79462822  1.05181058],[ 0.79217313  1.39699459],[ 0.78596357  0.79565471]
[ 0.93098476  1.07013854],[ 0.90434055  2.75164783],[ 0.88470437  2.2702161 ],[ 0.86210511  1.0211919 ],[ 0.8242282   1.89534998],[ 0.82236961  2.91925885],[ 0.8212978   1.80999555],[ 0.81758293  1.62380081],[ 0.81357465  2.21993191],[ 0.80832842  0.57689032],[ 0.78817192  2.4400947 ],[ 0.77542097  0.21635997],[ 0.77085004  1.43998042],[ 0.76955346  1.48207196],[ 0.73165574  1.57179357],[ 0.72535552  1.23964567],[ 0.72232003  2.15660675],[ 0.71119174  2.30942393],[ 0.70994429  0.16754714],[ 0.69710819  1.05634579]
